fdc_id;description;is_vegan;Ca;CALORIES;Carbohydrate;Cholesterol;Dietary  Fiber;FAT;Fat, saturated;Fe;K;Na;Protein;Total Trans FA;Vitamin A;Vitamin C
344922;GARDENBURGER GB VEGGIE BURGERS BLACK BEAN 3OZ 48CT;TRUE;59;112;16.9;0;7.4;3;0.3;2.7;284;761;10.8;0.1;0;0
357261;FIELD ROAST, VEGETARIAN GRAIN MEAT SAUSAGES, MEXICAN CHIPOTLE;TRUE;22;272;13.04;0;4.3;13.04;1.09;1.96;0;565;25;0;0;0
386009;NO BULL BURGER, VEGGIE BURGER, SUNDRIED TOMATO & SPINACH;TRUE;33;132;23.14;0;5.8;2.07;0;2.98;438;372;7.44;0;413;4
390193;VEGGIE GROUND, VEGAN;TRUE;73;109;9.09;0;3.6;0.91;0;4.91;509;491;18.18;0;0;0
390230;VEGGIE TURKEY, VEGAN;TRUE;0;157;7.84;0;0;1.96;0;7.06;451;647;23.53;0;0;0
390249;VEGGIE BOLOGNA, VEGAN;TRUE;0;128;4.26;0;0;2.13;0;7.66;319;915;21.28;0;0;0
453571;A DELICIOUS VEGETARIAN ALTERNATIVE TO CHICKEN;TRUE;22;156;3.33;0;1.1;8.89;1.11;2;100;478;13.33;0;0;0
492785;KIM & SCOTT'S GOURMET PRETZELS, MINI VEGAN DOGS, IN SOFT PRETZEL DOUGH;TRUE;0;267;28.89;0;4.4;7.78;2.22;2.4;0;644;17.78;0;222;0
601966;ORIGINAL VEGGIE PATTY;TRUE;80;230;33;0;13;10;2;2.7;510;135;12;0;2500;9
750888;Gardenburger Meal Solutions Original 5oz 36ct;TRUE;113;154;21.9;11;3.5;4.6;2.6;1.5;170;546;7.7;0;178;2
750956;GARDENBURGER GB VEGGIE BURGERS ORIGINAL 10OZ;TRUE;64;155;22.1;9;5;4.6;2.4;1.4;177;684;7.2;0;0;0
750958;Gardenburger Veggie Burgers Original 10oz;TRUE;64;155;22.1;9;5;4.6;2.4;1.4;177;684;7.2;0;0;0
751132;Gardenburger Veggie Burgers Black Bean Chipotle 10oz;TRUE;49;133;22;0;6.1;3.9;0.4;2.4;223;545;6.5;0;0;0
751486;GARDENBURGER GB VEGGIE BURGERS PORTABELLA 10OZ;TRUE;67;138;22.1;4;7.1;3.3;1.1;0.7;176;633;5.9;0;0;0
751488;Gardenburger Veggie Burgers Portabella 10oz;TRUE;67;138;22.1;4;7.1;3.3;1.1;0.7;176;633;5.9;0;0;0
751490;GARDENBURGER GB VEGGIE BURGERS MALIBU 3OZ 48CT;TRUE;43;178;23.1;2;5;8.5;1.2;1.3;236;591;5.5;0;0;0
751528;Gardenburger Veggie Burgers Original 3.4oz 48ct;TRUE;113;154;21.9;11;3.5;4.6;2.6;1.5;170;546;7.7;0;178;2
751530;Gardenburger Veggie Burgers Black Bean 3.4oz 48ct;TRUE;59;110;16.8;0;8.4;3.1;0.3;2.7;291;758;11.4;0.1;0;0
751532;Gardenburger Veggie Burgers Veggie Vegan 3.4oz 48ct;TRUE;67;98;15.3;0;5.9;1.6;0.2;1.8;272;591;10.4;0;0;0
751534;Gardenburger Veggie Burgers Original 3.4oz 48ct;TRUE;113;154;21.9;11;3.5;4.6;2.6;1.5;170;546;7.7;0;178;2
751536;Gardenburger Veggie Burgers Classic 2.5oz 48ct;TRUE;75;116;8.3;0;6.1;4.3;0.4;3;379;571;15.3;0;0;0
751538;Gardenburger Veggie Burgers Malibu 3.2oz 48ct;TRUE;39;185;23;0;4.6;9.3;1.1;0.9;305;482;4.7;0.2;0;0
751720;Morningstar Farms Meal Solutions Pizza 160oz 2ct;TRUE;44;159;9.9;0;4.6;4.6;0.5;5.5;165;758;20.2;0;122;0
751722;Morningstar Farms Breakfast Sausage Egg & Cheese 14.8oz;TRUE;151;196;19.4;114;4.1;7.9;2.8;2.1;209;591;14.6;0.1;0;0
751724;MORNINGSTAR FARMS VEGGIE BURGERS MEDITERRANEAN CHICKPEA 49.5OZ;TRUE;97;173;18.8;2;9.1;7.4;1.1;1.9;293;374;15.8;0.1;0;0
751726;MORNINGSTAR FARMS VEGGIE BURGERS SPICY BLACK BEAN 81.9OZ 1CT;TRUE;95;179;20.6;2;6;6.5;1;2;380;488;14.5;0.1;0;0
751728;Morningstar Farms Entrees Tuscan Greens & Beans 8.5oz;TRUE;99;112;11.7;12;3.8;6.3;3;1.4;204;161;5.9;0.1;0;0
751730;Morningstar Farms Entrees Spicy Black Bean 9oz;TRUE;69;126;16.5;8;2.2;5.3;1.9;1;119;278;4.9;0.2;0;0
751732;Morningstar Farms Poultry Chik Patties Original 40oz;TRUE;52;225;26.2;0;4.3;9;1.3;3;346;456;12.8;0.1;35;0
751748;Morningstar Farms Breakfast Sausage Patties 8oz;TRUE;42;193;8.9;1;3.5;7.9;1;4.6;300;671;23.6;0.1;16;0
751750;Morningstar Farms Breakfast Sausage Patties 16oz;TRUE;42;193;8.9;1;3.5;7.9;1;4.6;300;671;23.6;0.1;16;0
751752;Morningstar Farms Breakfast Maple Patties 8oz;TRUE;39;208;14.4;1;3.3;7.7;1;4.3;280;656;22.1;0.1;15;0
751754;Morningstar Farms Breakfast Hot & Spicy Sausage Patties 8oz;TRUE;42;193;8.9;1;3.6;7.9;1;4.3;295;593;23.6;0.1;179;3
751758;Morningstar Farms Veggie Style Patty Spicy Indian Veggie 9.5oz;TRUE;87;189;17;0;7.8;11.6;1.5;2.1;484;555;9.2;0.1;0;0
751760;Morningstar Farms Poultry Chik Patties Original 10oz;TRUE;52;225;26.2;0;4.3;9;1.3;3;346;456;12.8;0.1;35;0
751762;MORNINGSTAR FARMS POULTRY CHIK PATTIES ORIGINAL 37.5OZ;TRUE;52;225;26.2;0;4.3;9;1.3;3;346;456;12.8;0.1;35;0
751766;Morningstar Farms Meal Solutions Chipotle Black Bean 12oz;TRUE;68;122;10.2;0;4.3;5.5;0.8;4.1;223;491;14.4;0;0;0
751768;Morningstar Farms Breakfast Meat Analog Sausage And Grain Patties 8oz;TRUE;92;241;17;0;7.3;13.8;1.4;3.5;611;561;16.5;0.2;162;1
751770;Morningstar Farms Entrees Mushroom Orzo 9oz;TRUE;82;97;14.8;9;4;3.5;1.9;0.9;120;238;5.6;0.1;0;0
751772;Morningstar Farms Entrees Thai Yellow Curry 9.2oz;TRUE;27;87;13.5;0;2.8;3.1;1.9;0.8;137;204;3.4;0;0;0
751776;MORNINGSTAR FARMS POULTRY CHIK PATTIES ORIGINAL 2.5OZ 60CT;TRUE;52;225;26.2;0;4.3;9;1.3;3;346;456;12.8;0.1;35;0
751782;Morningstar Farms Meal Solutions Chipotle Black Bean 16.2oz;TRUE;68;122;10.2;0;4.3;5.5;0.8;4.1;223;491;14.4;0;0;0
751784;Morningstar Farms Meal Solutions Hickory Bbq Riblet 10oz;TRUE;84;150;24.6;0;4.3;2.3;0.3;2;407;438;11.4;0;4;2
751786;MORNINGSTAR FARMS BREAKFAST MAPLE 8OZ;TRUE;39;208;14.4;1;3.3;7.7;1;4.3;280;656;22.1;0.1;15;0
751788;Morningstar Farms Breakfast Sausage Patties 42.8oz;TRUE;42;193;8.9;1;3.5;7.9;1;4.6;300;671;23.6;0.1;16;0
751792;MORNINGSTAR FARMS VEGGIE BURGERS GRILLERS 18OZ;TRUE;61;213;8.5;3;4.4;9.3;1.7;4.2;182;422;23.9;0;0;0
751794;Morningstar Farms Hot Dogs 8.4oz;TRUE;19;126;11.2;0;2.3;1.3;0.2;1.2;37;1076;17.4;0;102;0
751796;Morningstar Farms Breakfast Sausage Links 8oz;TRUE;26;159;6.8;2;4;6.1;0.7;5.9;109;670;19.2;0;0;0
751798;Morningstar Farms Breakfast Veggie Sausage Links 136oz 1ct;TRUE;26;159;6.8;2;4;6.1;0.7;5.9;109;670;19.2;0;0;0
751800;Morningstar Farms Breakfast Bacon 96oz 1ct;TRUE;42;346;14.3;2;5.1;26.6;4.2;3.6;97;1463;12.4;0;0;0
752250;MORNINGSTAR FARMS POULTRY CHIK PATTIES ORIGINAL 30OZ 4CT;TRUE;52;225;26.2;0;4.3;9;1.3;3;346;456;12.8;0.1;35;0
752350;MORNINGSTAR FARMS BREAKFAST SOUTHWEST SUNRISE 13.4OZ;TRUE;173;215;24.9;43;4.1;8.8;3;1.6;240;729;13;0.2;0;0
752352;Morningstar Farms Organic Frozen Quinoa Sweet Potato Patties 38.5oz;TRUE;61;218;18.7;0;7.1;13.8;1.3;2;533;438;9.2;0.1;0;0
752354;MORNINGSTAR FARMS VEGGIE BURGERS GRILLERS CALIFORNIA TURK'Y 9OZ;TRUE;80;155;12.6;1;7.6;7.7;0.8;2.5;531;690;14.9;0.1;0;0
752356;Morningstar Farms Poultry Buffalo Chik Patties 10oz;TRUE;54;235;24.8;1;5.4;11.7;1.8;3.7;238;634;12.2;0.1;0;0
752358;Morningstar Farms Organic - Other Garden 7.9oz;TRUE;74;197;16.9;1;6.9;12.2;1.1;1.9;528;420;9.6;0.1;0;0
752360;Morningstar Farms Poultry Chikn Nuggets 10.5oz;TRUE;61;211;21.1;0;5;9.6;1.4;3;349;405;14.1;0.1;0;0
752366;MORNINGSTAR FARMS VEGGIE BURGERS GARDEN VEGGIE 56OZ;TRUE;86;174;15.5;2;3.3;6.3;0.9;1.5;254;537;16.4;0;0;0
752368;MORNINGSTAR FARMS MSFO FROZEN QUINOA SWEET POTATO VEGGIE 38.5OZ;TRUE;61;218;18.7;0;7.1;13.8;1.3;2;533;438;9.2;0.1;0;0
752370;Morningstar Farms Meal Solutions Steak 13.5oz;TRUE;178;181;6.5;0;2.3;5.3;0.8;3.4;135;510;26.8;0;0;0
752372;MORNINGSTAR FARMS VEGGIE BURGERS VEGI MAX 36OZ 4CT;TRUE;66;170;15.3;1;4.1;5.9;0.9;1.3;224;616;17.1;0;0;0
752374;MORNINGSTAR FARMS VEGGIE BURGERS SPICY BLACK BEAN 38.1OZ;TRUE;80;158;18.1;1;6.8;5.8;0.8;1.5;321;452;14.1;0.1;0;0
752376;Morningstar Farms Poultry Chikn Nuggets 160oz 1ct;TRUE;61;211;21.1;0;5;9.6;1.4;3;349;405;14.1;0.1;0;0
752378;Morningstar Farms Veggie Burgers Spicy Black Bean 50.8oz;TRUE;80;158;18.1;1;6.8;5.8;0.8;1.5;321;452;14.1;0.1;0;0
752382;MORNINGSTAR FARMS VEGGIE BURGERS GRILLERS CALIFORNIA TURK'Y 9OZ;TRUE;80;155;12.6;1;7.6;7.7;0.8;2.5;531;690;14.9;0.1;0;0
752774;Morningstar Farms Breakfast Sausage Patties 1.34oz 112ct;TRUE;31;186;10.2;1;2.9;7;1.1;5;269;669;23.6;0;16;0
752862;MORNINGSTAR FARMS VEGGIE BURGERS SPICY BLACK BEAN 50.8OZ;TRUE;80;158;18.1;1;6.8;5.8;0.8;1.5;321;452;14.1;0.1;0;0
752864;Morningstar Farms Breakfast Bacon 5.25oz;TRUE;42;346;14.3;2;5.1;26.6;4.2;3.6;97;1463;12.4;0;0;0
753344;Morningstar Farms Entrees Italian Veggie Sausage Bake 9oz;TRUE;90;92;9.2;9;2.2;4.3;2;1.1;207;273;5.3;0.1;567;2
753346;Morningstar Farms Entrees Indian Chik'N Tikka 9oz;TRUE;47;134;17.8;12;3.6;4.9;2.6;1.9;144;223;6.8;0.1;569;2
753348;Morningstar Farms Entrees Japanese Soba Noodle 8.5oz;TRUE;38;99;15.3;0;2;1.3;0.1;1.3;149;276;7;0;598;2
753350;Morningstar Farms Entrees Morrocan Medley 8.5oz;TRUE;35;100;14.4;0;1.9;2.6;0.5;1;138;266;4.7;0;1191;3
753352;Morningstar Farms Entrees Chicken Pot Pie 8.5oz;TRUE;42;136;15.2;8;1.3;6.3;3.8;1.1;126;324;5.9;0.1;1104;2
758012;Gardenburger Veggie Burgers Malibu 38.5oz;TRUE;39;185;23;0;4.6;9.3;1.1;0.9;305;482;4.7;0.2;0;0
758040;Morningstar Farms Veggie Burgers Spicy Chipotle Black Bean 4.25oz 48ct;TRUE;80;158;18.1;1;6.8;5.8;0.8;1.5;321;452;14.1;0.1;0;0
901578;BEETROOT & BEAN BURGER, BEETROOT & BEAN;TRUE;27;227;34.67;0;8;9.33;1.33;1.6;133;520;5.33;0;0;0
915914;ITALIANA VEGAN WHEAT SAUSAGE, ITALIANA;TRUE;68;216;6.82;0;1.1;11.36;1.14;2.27;318;614;23.86;0;0;0
915950;ESPANOLA SMOKED PAPRIKA VEGAN WHEAT SAUSAGE, ESPANOLA SMOKED PAPRIKA;TRUE;68;216;6.82;0;1.1;11.36;1.14;2.27;330;614;22.73;0;0;0
1042843;QUINOA & BROWN RICE PROTEIN BURGERS, QUINOA & BROWN RICE;TRUE;0;240;13.75;0;9.4;15.25;2.62;3.25;0;618;12.88;0;0;0
1064287;4 MEAT FREE SAUSAGE ROLLS, 4 MEAT;TRUE;0;292;19;0;4.6;18;7.1;0;0;480;11.2;0;0;0
1065333;[FLAME GRILLED] PROTEIN BURGER PATTIES;TRUE;144;141;7.04;0;5.6;2.11;0;4.23;239;479;22.54;0;0;0
1065337;[FLAME GRILLED] PROTEIN BURGER;TRUE;144;141;8.45;0;5.6;1.41;0;4.23;211;451;22.54;0;0;0
1066887;MEAT FREE TEMPURA BATTERED PRAWN-STYLE PIECES WITH CHOPPED NORI AND COATED IN A LEMON INFUSED BATTER, MEAT FREE TEMPURA BATTERED PRAWN-STYLE;TRUE;0;342;20.8;0;10.1;18.4;8.32;0;0;1050;18.24;0;0;0
356539;LEAN, APPLEWOOD SMOKED BONELESS HAM STEAK, WITH NATURAL JUICES;FALSE;0;119;1.19;54;0;5.36;1.79;0.86;0;1060;17.86;0;0;0
356798;FOSTER FARMS, HALF BREASTS CHICKEN WITH RIBS;FALSE;0;170;0;62;0;8.93;2.68;0.64;0;62;20.54;0;0;0
357361;HATFIELD, CLASSIC FRANKS;FALSE;0;289;2.22;78;0;26.67;8.89;0.8;0;889;11.11;0;444;0
357928;HARGIS HOUSE, BARBECUE VIENNA SAUSAGES;FALSE;100;183;5;67;0;13.33;4.17;1.2;0;850;8.33;0;333;2
358045;GROUND BEEF PATTIES;FALSE;13;253;0;70;0;20;8;1.8;0;67;17.33;0;0;0
358047;ITALIAN STYLE WITH OLIVE OIL BONELESS BREAST OF CHICKEN;FALSE;18;155;1.33;49;0;8.41;0.22;0.64;230;425;18.14;0;44;2.1
358497;WEIS, FRESH PORK SAUSAGE;FALSE;18;205;0.89;54;0;16.07;8.93;0.64;0;527;8.93;0;446;1.1
358498;PERDUE, FIT & EASY, BONELESS SKINLESS CHICKEN BREASTS;FALSE;18;107;0;58;0;0.89;0;0.64;0;67;23.21;0;0;1.1
358746;BEEF CHUNK STEAK;FALSE;71;196;0;58;0;14.29;7.14;1.61;0;277;16.07;0;0;0
358747;BEEF POT ROAST;FALSE;0;131;0;60;0;7.14;3.57;1.71;0;940;17.86;0;0;0
358997;LEG QUARTERS CHICKEN;FALSE;0;188;0;85;0;12.5;3.57;0.96;0;80;17.86;0;89;2.1
359601;TURKEY HAM;FALSE;0;107;3.57;54;0;7.14;1.79;1.29;0;911;14.29;0;0;0
360594;SMOKED PORK HOCKS;FALSE;0;232;25;98;0;14.29;5.36;1.29;0;554;0;0;0;0
360610;WEIS, CHICKEN WINGS;FALSE;18;223;0;76;0;16.07;4.46;0.96;0;71;18.75;0;179;1.1
360611;CHICKEN DRUMSTICKS;FALSE;18;161;0;80;0;8.93;2.23;0.96;0;85;19.64;0;89;3.2
360612;SANDERSON FARMS, FRESH CHICKEN LIVERS;FALSE;0;116;0.89;344;0;4.46;1.79;9.64;0;71;16.96;0;11161;18.8
360613;BONELESS BREAST OF CHICKEN;FALSE;18;155;1.33;49;0;8.41;0.22;0.64;230;425;18.14;0;44;2.1
360614;WEIS, SWEET ITALIAN STYLE TURKEY SAUSAGE;FALSE;48;119;1.19;65;0;4.17;1.19;1.71;0;619;19.05;0;119;0
360615;WEIS, BREAKFAST FRESH PORK SAUSAGE;FALSE;0;232;1.79;45;0;17.86;8.93;0.64;0;45;16.07;0;0;0
360616;WEIS, FRESH SWEET ITALIAN PORK SAUSAGE;FALSE;18;205;0.89;54;0;16.07;8.93;0.64;0;527;8.93;0;446;1.1
360617;WEIS, JALAPENO SAUSAGE;FALSE;0;250;1.19;65;0;19.05;7.14;0.86;0;726;15.48;0;119;2.9
360618;WEIS, FRESH PORK SAUSAGE;FALSE;18;205;0.89;54;0;16.07;8.93;0.64;0;527;8.93;0;446;1.1
360619;WEIS, ITALIAN SAUSAGE, HOT;FALSE;0;205;0.89;54;0;16.07;8.93;0.64;0;482;8.93;0;446;1.1
360948;SHOPRITE, TYSON SPLIT CHICKEN BREAST WITH RIBS;FALSE;0;170;0;71;0;10.71;3.12;0;0;36;18.75;0;0;0
360976;PERDUE, FIT & EASY, THIN SLICED BREASTS;FALSE;18;107;0;58;0;1.79;0;0.64;0;67;23.21;0;0;1.1
361383;ROUNDY'S, SUN-DRIED TOMATO, CHICKEN FLAVORED;FALSE;18;107;2.68;49;0;1.34;0;0.96;0;580;19.64;0;179;2.1
361384;HARVESTLAND, CHICKEN BREAST TENDERLOINS;FALSE;18;107;0;58;0;0.89;0;0.64;0;67;23.21;0;0;1.1
361454;HORMEL, ALWAYS TENDER, EXTRA LEAN PORK TENDERLOIN, TERIYAKI;FALSE;0;116;4.46;45;0;3.57;1.34;0.64;0;357;16.96;0;0;0
361455;HORMEL, ALWAYS TENDER, EXTRA LEAN PORK CENTER CUT LOIN FILET, HONEY MUSTARD;FALSE;0;125;3.57;40;0;4.46;1.79;0.64;0;455;17.86;0;0;0
361456;HORMEL, PORK CENTER CUT LOIN FILET, MESQUITE BARBECUE;FALSE;71;107;1.79;40;0;3.57;1.34;0.32;0;375;16.96;0;0;0
361457;HORMEL, ALWAYS TENDER, EXTRA LEAN PORK CENTER CUT LOIN FILET, ORIGINAL;FALSE;0;116;0.89;40;0;4.46;1.79;0.32;0;330;16.96;0;0;0
362440;THICK SLICED BACON;FALSE;0;545;0;91;0;36.36;13.64;0;0;1818;36.36;0;0;0
365879;BEDDAR WITH CHEDDAR SMOKED SAUSAGE;FALSE;61;303;3.03;61;0;25.76;9.09;0.55;0;939;12.12;0;0;0
367494;POLSKA KIELBASA;FALSE;0;304;3.57;62;0;26.79;8.93;0.64;0;911;10.71;0;0;0
368113;PCC, MILD PORK SAUSAGE BULK;FALSE;21;245;1.06;69;0;19.15;6.38;1.15;0;574;15.96;0;106;1.3
368118;PCC, BREAKFAST TURKEY SAUSAGE;FALSE;14;156;1.41;69;0;8.45;2.82;1.77;0;587;18.31;0;0;0
368367;PCC, BREAKFAST LINKS TURKEY SAUSAGE;FALSE;0;130;0;93;0;3.7;1.85;2;0;593;22.22;0;0;0
368368;PCC, MILD ITALIAN PORK SAUSAGE;FALSE;21;245;1.06;69;0;19.15;6.38;1.15;0;574;15.96;0;106;1.3
368369;PCC, MILD ITALIAN PORK SAUSAGE;FALSE;21;245;1.06;69;0;19.15;6.38;1.15;0;574;15.96;0;106;1.3
368371;PCC, BREAKFAST LINKS PORK SAUSAGE;FALSE;0;241;0;65;0;18.52;7.41;1.33;0;574;16.67;0;0;0
368378;PCC, HOT ITALIAN TURKEY SAUSAGE;FALSE;21;128;1.06;90;0;4.26;1.06;2.3;0;585;21.28;0;213;1.3
368379;PCC, ITALIAN CHICKEN SAUSAGE, HOT;FALSE;21;117;1.06;74;0;4.26;1.06;1.15;0;596;19.15;0;213;3.8
368387;PCC, MILD ITALIAN TURKEY SAUSAGE;FALSE;21;128;1.06;90;0;4.26;1.06;2.3;0;585;21.28;0;106;1.3
368388;PCC, TURKEY SAUSAGE BREAKFAST LINKS;FALSE;0;130;0;93;0;3.7;1.85;2;0;593;22.22;0;0;0
368402;PCC, CHICKEN SAUSAGE, MILD ITALIAN;FALSE;21;117;1.06;74;0;3.19;1.06;1.15;0;596;19.15;0;213;3.8
368434;RANGER, THE FREE RANGE CHICKEN, FRYING CHICKEN, WHOLE;FALSE;18;214;0;89;0;15.18;4.02;1.29;0;71;18.75;0;670;2.1
369374;SLICED BACON;FALSE;0;500;0;143;0;42.86;14.29;2.57;0;1643;35.71;0;0;0
369375;SLICED BACON;FALSE;0;500;0;143;0;42.86;14.29;2.57;0;1143;35.71;0;0;0
370031;CHATA, SHREDDED, SEASONED TURKEY MEAT;FALSE;36;200;1.82;64;0;16.36;2.73;1.31;0;600;14.55;0;727;2.2
370032;CHATA, COCHINITA PIBIL SHREDDED PORK MEAT;FALSE;36;143;3.57;54;1.8;5.36;1.79;1.93;0;464;19.64;0;0;2.1
374938;MEIJER, BONELESS SEASONED PORK LOIN FILET, TERIYAKI;FALSE;0;143;4.46;40;0;5.36;2.23;0.64;0;554;17.86;0;0;0
374939;MEIJER, SWEET & SMOKEY PORK TENDERLOIN WRAPPED IN APPLEWOOD BACON;FALSE;0;196;4.46;71;0;9.82;2.68;0.96;0;500;23.21;0;89;0
374940;MEIJER, BONELESS SEASONED PORK TENDERLOIN, SMOKEHOUSE MESQUITE;FALSE;0;116;2.68;45;0;4.02;1.34;0.96;0;393;17.86;0;89;0
374956;MEIJER, ITALIAN STYLE BONELESS SEASONED PORK LOIN FILET;FALSE;18;134;0.89;45;0;6.25;2.23;0.64;0;518;18.75;0;0;1.1
374961;BLACK ANGUS BEEF FRANKS;FALSE;0;304;1.79;62;0;28.57;10.71;1.29;500;821;10.71;0.89;0;0
374963;BEEF FRANKS;FALSE;0;321;5.36;62;0;28.57;10.71;1.29;500;893;10.71;0.89;0;0
374999;FRICK'S, PORK JOWL BACON, HICKORY SMOKED;FALSE;0;667;0;100;0;66.67;20;0;0;833;6.67;0;0;0
375005;MARKETS OF MEIJER, SPLIT CHICKEN BREAST WITH RIBS;FALSE;0;152;0;58;0;8.93;2.68;0;0;143;18.75;0;0;0
375007;MARKETS OF MEIJER, THIN SLICED WITH RIB MEAT;FALSE;0;98;0;58;0;2.23;0.45;0;0;161;20.54;0;0;0
375008;MARKETS OF MEIJER, BONELESS, SKINLESS CHICKEN THIGHS;FALSE;0;116;0;80;0;6.25;1.79;0.96;0;143;16.07;0;0;0
375009;MARKETS OF MEIJER, CHICKEN WINGS;FALSE;0;196;0;94;0;15.18;4.46;0;0;170;15.18;0;0;0
375011;MARKETS OF MEIJER, BONELESS, SKINLESS CHICKEN BREASTS WITH RIB MEAT;FALSE;0;98;0;58;0;2.23;0.45;0;0;134;20.54;0;0;0
375013;FAMILY ROASTER FRESH CHICKEN;FALSE;0;188;0;80;0;13.39;4.02;0.32;0;134;16.96;0;0;0
375021;FRICK'S, PORK JOWL BACON, HICKORY SMOKED;FALSE;0;667;0;100;0;66.67;20;0;0;833;6.67;0;0;0
375022;MARKETS OF MEIJER, CHICKEN TENDERLOINS;FALSE;0;89;0;62;0;0.45;0;0;0;98;19.64;0;0;0
375024;MARKETS OF MEIJER, BONELESS, SKINLESS CHICKEN BREASTS WITH RIB MEAT;FALSE;0;98;0;58;0;2.23;0.45;0;0;161;20.54;0;0;0
377912;POINT CUT CORNED BEEF BRISKET;FALSE;0;195;0;58;0;15.04;5.31;1.27;0;982;12.39;0;0;0
378165;AHOLD, CHICKEN WINGS;FALSE;18;214;0;76;0;16.07;4.46;0.96;0;71;18.75;0;179;1.1
378242;PERDUE, CHICKEN DRUMSTICKS;FALSE;18;161;0;80;0;8.93;2.23;0.96;0;85;19.64;0;89;3.2
378251;KIRKLAND SIGNATURE, PERDUE, FIT & EASY CHICKEN BREASTS;FALSE;18;107;0;58;0;0.89;0;0.64;0;67;23.21;0;0;1.1
378259;PERDUE, CHICKEN THIGHS;FALSE;18;214;0;85;0;15.18;4.46;0.96;0;76;16.96;0;179;2.1
378335;O DONNELL'S, CORNED BEEF BRISKET;FALSE;0;179;0;58;0;13.39;5.36;1.29;0;982;13.39;0;0;0
378545;AHOLD, PORK TENDERLOIN, GARLIC HERB SEASONED;FALSE;0;98;3.57;49;0;1.79;0.45;0.96;0;393;16.07;0;179;0
378546;AHOLD, PORK LOIN FILLET, MESQUITE SEASONED;FALSE;18;125;3.57;45;0;5.36;1.79;0.64;0;429;16.96;0;179;0
378549;AHOLD, ORIGINAL PORK TENDERLOIN;FALSE;0;89;1.79;54;0;1.79;0.45;0.96;0;170;16.96;0;0;0
378552;AHOLD, PORK TENDERLOIN, TERIYAKI SEASONED;FALSE;0;107;5.36;49;0;1.79;0.45;0.96;0;545;16.07;0;0;0
378556;AHOLD, PORTOBELLO MUSHROOM SEASONED PORK TENDERLOIN;FALSE;18;98;3.57;49;0;1.79;0.45;0.96;0;295;16.96;0;89;0
378557;AHOLD, PEPPERCORN SEASONED PORK LOIN FILLET;FALSE;18;116;1.79;45;0;4.46;1.34;0.96;0;223;16.96;0;0;1.1
378562;MASH'S, CORNED BEEF BRISKET, MILD;FALSE;0;125;0;45;0;5.36;1.79;1.29;0;857;18.75;0;0;0
378627;GIANT, GROUND PORK;FALSE;0;205;0;76;0;14.29;5.36;1.29;0;76;17.86;0;0;0
378699;WISE ORGANIC PASTURES, WHOLE CHICKEN;FALSE;0;214;0;76;0;15.18;4.46;0.96;0;259;18.75;0;179;1.1
379983;PCC, PORK SAUSAGE, MILD ITALIAN;FALSE;21;245;1.06;69;0;19.15;6.38;1.15;0;574;15.96;0;106;1.3
381441;LUPO'S, CHICKEN PATTIES, LEAN ITALIAN SAUSAGE;FALSE;0;143;1.79;76;0.9;8.04;2.68;0.64;0;679;16.96;0;0;0
381442;LEAN HOT ITALIAN SAUSAGE CHICKEN PATTIES;FALSE;0;143;1.79;76;0.9;8.04;2.68;0.64;0;679;16.07;0;0;0
381443;SEASONED PORK CUBES;FALSE;0;179;0.89;54;0;10.71;2.23;0.96;0;518;19.64;0;0;0
381782;BEEF FRANKS;FALSE;0;311;4.44;56;0;28.89;11.11;0.8;0;867;8.89;1.11;0;0
382508;FREIRICH FLAVOR, BEEF EYE ROUND ROAST, GARLIC & PEPPER;FALSE;0;98;3.57;58;0;1.34;0.45;2.41;0;652;18.75;0;0;0
383482;GROUND BEEF;FALSE;18;312;0;85;0;26.79;10.71;1.61;0;67;16.07;0;0;0
383498;GROUND BEEF CHUCK;FALSE;18;250;0;71;0;19.64;8.04;1.61;0;67;16.96;0;0;0
383555;GROUND BEEF;FALSE;0;152;0;58;0;7.14;2.68;2.41;0;62;20.54;0;0;0
383559;CENTER CUT CHOPS BONELESS THIN PORK;FALSE;24;153;1.18;59;0;8.24;2.94;0.42;0;224;18.82;0;0;0
383597;GROUND PORK;FALSE;18;250;1.79;62;0;19.64;2.68;0.64;0;214;15.18;0;0;0
388618;VEGGEI HAM;TRUE;0;157;11.76;0;2;1.96;0;7.06;333;784;23.53;0;0;35.3
393824;CARAMEL COLOR GLAZED PORK PATE WITH COGNAC;FALSE;0;238;3.57;98;0;19.64;6.25;3.21;0;786;12.5;0;12500;4.3
395850;SOYGANIC, ORGANIC TOFU, EXTRA FIRM;TRUE;176;165;1.18;0;0;9.41;1.76;2.12;0;0;17.65;0;0;0
396785;KENTUCKY LEGEND, OVEN ROASTED TURKEY BREAST BROWNED IN OIL;FALSE;0;107;3.57;54;0;1.19;0;0.86;0;1060;21.43;0;0;0
396865;QFC, CAJUN KRAB SPREAD;FALSE;0;219;12.5;47;0;14.06;6.25;0;0;562;6.25;0;625;0
397584;BEYOND LIGHTLY SEASONED CHICKEN STRIPS;TRUE;71;141;5.88;0;2.4;3.53;0;3.18;0;424;23.53;0;0;0
397648;365 EVERYDAY VALUE, ORGANIC BONELESS SKINLESS CHICKEN BREASTS WITH RIB MEAT;FALSE;0;116;0;71;0;2.68;0.45;0.32;0;45;22.32;0;0;0
397870;YANGTZE, BARBEQUE PORK;FALSE;0;173;7.41;68;0;4.94;1.23;0;0;1000;24.69;0;0;0
397966;KENTUCKY LEGEND, SMOKED PORK CHOPS, CENTER CUT;FALSE;24;176;0;71;0;8.24;2.94;0.85;0;518;24.71;0;0;0
397996;HEMPLER'S, CANADIAN STYLE BACON;FALSE;0;143;1.79;54;0;5.36;1.79;0.64;0;821;19.64;0;0;0
399476;VIDALIA ONION BEEF PATTIES MADE WITH 100% ANGUS BEEF, VIDALIA ONION;FALSE;13;238;1.99;60;0.7;18.54;7.28;1.79;0;278;15.23;0.66;0;0.8
401100;HAGGEN, STEAKS,BACON WRAPPED CHUCK, PETITE TENDER MEDALLIONS;FALSE;0;219;0;53;0;15.79;5.26;1.58;0;246;17.54;0;0;0
401150;ESSENTIAL EVERYDAY, NATURALLY HARDWOOD SMOKED BACON;FALSE;0;471;0;118;0;41.18;14.71;2.12;0;1824;29.41;0;0;0
406466;SUPREMAS, BREADED CHICKEN PATTIES;FALSE;26;276;14.47;46;1.3;17.11;5.26;1.89;0;539;13.16;0;132;0
406471;BREADED CHICKEN PATTIES;FALSE;26;276;14.47;46;1.3;17.11;5.26;1.89;0;539;13.16;0;132;0
406477;KROGER, SMOKED PORK HOCKS;FALSE;0;247;0;71;0;20;7.06;0.85;0;153;16.47;0;0;0
406603;HERITAGE FARM, CHICKEN THIGHS;FALSE;0;188;0;85;0;14.29;4.02;0.64;0;125;13.39;0;0;0
407450;FOOD4LESS, BEEF CUBED STEAK;FALSE;0;196;0;71;0;11.61;4.46;1.61;0;58;20.54;0;0;0
408141;FOOD4LESS, BEEF FLANKEN RIBS;FALSE;0;223;0;80;0;16.96;8.04;2.41;0;85;17.86;0;0;0
408190;CAPTAIN MORGAN, PULLED PORK WITH BAR-B-Q SAUCE;FALSE;24;155;11.9;42;2.4;4.76;1.79;1.29;0;381;15.48;0;0;0
411203;TURKEY BREAKFAST SAUSAGE LINKS;FALSE;0;135;0;73;0;8.33;2.08;0.75;0;646;16.67;0;0;0
411237;SPLIT CHICKEN BREAST;FALSE;18;179;0;67;0;8.93;2.68;0.64;0;62;21.43;0;89;0
411859;KROGER, SMOKED TURKEY NECKS;FALSE;35;124;0;75;0;5.31;1.77;1.59;0;372;19.47;0;0;0
447262;GROUND CHUCK BEEF;FALSE;0;250;0;71;0;19.64;8.04;1.61;0;67;16.96;0;0;0
447263;GROUND CHUCK BEEF;FALSE;0;250;0;71;0;19.64;8.04;1.61;0;67;16.96;0;0;0
447266;PREMIUM GROUND SIRLOIN BEEF;FALSE;0;179;0;67;0;9.82;4.02;2.41;0;67;19.64;0;0;0
447856;GROUND BEEF;FALSE;18;312;0;85;0;26.79;10.71;1.61;0;67;16.96;0;0;0
447868;HOMESTYLE BEEF PATTIES;FALSE;20;250;0;70;0;20;8;1.8;0;65;17;0;0;0
447870;LEAN GROUND BEEF;FALSE;0;152;0;58;0;7.14;2.68;2.41;0;62;20.54;0;0;0
448857;SIRLOIN GROUND BEEF;FALSE;0;179;0;62;0;9.82;4.02;1.61;0;49;21.43;0;0;0
448886;BIG BEEF PATTIES;FALSE;0;259;0;71;0;20.54;8.04;1.61;0;54;18.75;0;0;0
449068;SUMMER SAUSAGE;FALSE;0;357;0;71;0;32.14;12.5;1.93;0;1321;17.86;0;0;8.6
449518;BEEF COCKTAIL FRANKS;FALSE;0;304;5.36;62;0;28.57;10.71;1.29;482;857;10.71;0;0;0
449944;CENTER CUT CHOPS BONELESS PORK;FALSE;14;155;1.41;63;0;7.75;2.82;0.51;0;218;18.31;0;0;0
449945;CENTER CUTS CHOPS THICK PORK;FALSE;19;155;1.41;61;0;7.98;2.82;0.51;0;221;18.78;0;0;0
449947;BONELESS PORK CENTER CUT CHOPS;FALSE;20;153;1.02;61;0;8.16;2.55;0.73;0;224;18.37;0;0;0
451286;BEEF HOT DOGS;FALSE;0;340;10;70;0;28;12;0.72;0;1020;10;1;0;0
452350;ORGANIC GRASS FED GROUND BEEF;FALSE;0;214;0;67;0;15.18;6.25;2.41;0;67;18.75;0;0;0
452367;PRE, JUST THE GOOD, GROUND BEEF;FALSE;18;133;0;57;0;5.36;2.68;2.41;0;71;21.43;0;0;0
459824;BEEF STRIPLOIN;FALSE;27;170;1.79;62;0;9.82;4.02;1.21;0;455;17.86;0;134;2.7
461247;BOB'S 47 OKLOBERFEST BRATWURST;FALSE;49;329;2.44;73;0;26.83;9.76;0.88;0;854;17.07;0;0;0
461251;SICILIAN RECIPE ITALIAN SAUSAGE;FALSE;58;333;1.45;80;0;27.54;10.14;1.04;0;696;17.39;0;290;1.7
461252;ITALIAN SAUSAGE;FALSE;58;333;2.9;72;0;26.09;8.7;1.04;0;638;17.39;0;0;0
461253;TOSCANO RECIPE ITALIAN SAUSAGE;FALSE;58;333;1.45;80;0;27.54;10.14;1.04;0;725;17.39;0;0;0
461254;BRATWURST;FALSE;49;317;3.66;73;0;25.61;8.54;0.88;0;854;17.07;0;0;0
461391;PREMIUM PORK SAUSAGE;FALSE;0;386;1.75;61;0;36.84;10.53;0.63;0;789;12.28;0;0;0
462217;BEEF SMOKED OLD FASHIONED SAUSAGE;FALSE;21;302;3.12;62;0;26.04;10.42;1.5;0;844;14.58;0;0;0
462220;HERB SUN DRIED TOMATO SAUSAGE WITH MOZZARELLA CHEESE;FALSE;61;327;4.08;56;1;28.57;10.2;0.73;0;663;14.29;0;510;2.4
463049;CHICKEN BURGER;FALSE;18;150;1.77;75;0;8.85;2.65;1.59;0;372;16.81;0;88;2.1
463050;FULLY-COOKED BEEF BURGERS;FALSE;0;293;1.01;91;0;25.25;10.1;2.73;0;404;15.15;1.01;0;0
463648;BUTTERFLY CENTER CUT CHOPS BONELESS PORK;FALSE;19;155;1.41;61;0;7.98;2.82;0.51;0;221;18.78;0;0;0
463775;CHICKEN CABALITO CHORIZO;FALSE;27;253;1.33;67;0;21.33;9.33;0.96;0;533;16;0;133;1.6
465811;WIENERS MADE FROM PORK & TURKEY;FALSE;0;304;0;65;0;28.26;10.87;0.78;0;1174;13.04;0;0;0
466506;HOT ITALIAN SAUSAGE;FALSE;0;175;3.51;44;0;8.77;3.51;1.26;0;509;17.54;0;0;0
466509;ITALIAN SAUSAGE;FALSE;0;175;3.51;44;0;8.77;3.51;1.26;0;509;17.54;0;0;0
467152;TURKEY MEATBALLS;FALSE;0;131;9.52;42;0;4.76;1.19;1.29;0;310;14.29;0;0;5.7
468328;BRATWURST;FALSE;13;305;1.32;66;0;26.49;9.27;0.72;0;669;14.57;0;0;0
468576;ORGANIC PRAIRIE, UNCURED BEEF SUMMER SAUSAGE;FALSE;36;357;3.57;71;0;32.14;12.5;1.29;0;929;14.29;0;0;0
469925;HORMEL, ALWAYS TENDER, BARBECUE SEASONED PORK ROAST;FALSE;0;196;1.79;58;0;14.29;5.36;0.64;0;312;16.07;0;0;0
470066;HORMEL, ALWAYS TENDER, PORK LOIN FILET, MESQUITE BARBECUE;FALSE;0;107;0;40;0;3.57;1.34;0.32;0;509;18.75;0;0;0
470148;HORMEL, BLOCK LABEL, UNSLICED CANADIAN BACON;FALSE;0;125;1.79;54;0;4.46;1.79;0.64;0;839;19.64;0;0;0
473795;PREMIUM TURKEY HOT DOGS;FALSE;89;200;4.44;78;0;15.56;4.44;1.6;0;711;11.11;0;0;20
473834;100% PREMIUM BEEF;FALSE;13;176;0;65;0;9.93;3.97;2.26;0;66;19.87;0.66;0;0
474356;GROUND BEEF CHUCK;FALSE;18;250;0;71;0;19.64;8.04;1.61;0;67;16.96;0;0;0
474362;GROUND BEEF ROUND;FALSE;18;214;0;67;0;15.18;6.25;2.41;0;67;18.75;0;0;0
474363;GROUND BEEF PATTIES;FALSE;0;152;0;58;0;7.14;2.68;2.41;0;62;20.54;0;0;0
475393;CHICKEN DRUMSTICKS;FALSE;18;184;0;83;0;12.28;3.51;0.95;0;79;18.42;0;0;0
479070;BREAKFAST PORK SAUSAGE;FALSE;0;240;1.33;67;0;18.67;6.67;0.96;0;573;16;0;0;0
482516;SAUSAGE;FALSE;0;253;1.33;67;0;21.33;9.33;0.96;0;533;16;0;0;1.6
482518;MEXICANO BRAND HORIZO;FALSE;0;253;1.33;67;0;21.33;9.33;0.96;0;533;16;0;0;1.6
482732;POLISH SAUSAGE;FALSE;0;316;0;44;1.8;28.07;10.53;1.89;0;877;15.79;0;351;0
482930;DUCK LEG CONFIT;FALSE;0;336;0.71;104;0;26.43;9.29;1.93;0;529;24.29;0;0;0
483228;DELICIOUSLY SPICY GERMAN BRAND SMOKED SAUSAGE;FALSE;44;319;1.1;60;0;26.37;9.89;0.79;0;1000;12.09;0;110;0
484098;HAWAIIAN STYLE TURKEY PATTIES;FALSE;0;142;7.08;44;0;5.31;1.33;1.27;0;221;15.93;0;0;21.2
484099;CHICKEN MAPLE BREAKFAST LINKS;FALSE;35;211;10.53;70;0;12.28;3.51;0.63;0;772;14.04;0;0;0
484102;4 QUARTER POUND BEEF, BBQ & BACON PATTIES;FALSE;18;257;3.54;66;0;19.47;7.08;2.39;0;796;15.93;0.88;885;3.2
484103;ORANGE CHIPOTLE CHICKEN BREAST;FALSE;0;113;1.76;62;0.4;2.46;0.53;0.38;0;278;20.42;0;106;1.7
484104;BACON-LICIOUS PATTIES;FALSE;0;319;0;66;0;28.32;10.62;1.27;0;389;15.04;0.44;0;0
484105;GRILL 2 QUARTER POUNDER POBLANO & JALAPENO PEPPERS BEEF PATTIES;FALSE;0;230;0.88;62;0.9;18.58;7.08;1.59;0;301;15.04;0.88;885;8
484106;2 QUARTER POUNDER BEE, BBQ, BACON & CHEESE PATTIES;FALSE;71;274;2.65;71;0;20.35;7.96;2.39;0;434;17.7;0.88;885;0
484209;CALDERETA CORNED BEEF;FALSE;0;286;3.57;80;0;19.64;8.93;1.93;0;786;21.43;0;0;0
485829;PCC, CHICKEN SAUSAGE, APPLE;FALSE;0;130;3.7;74;0;3.7;0;1.33;0;574;18.52;0;0;2.2
487049;GROUND BEEF PATTIES;FALSE;0;312;0;0;0;26.79;0;0;0;0;15.18;0;0;0
487094;CHICKEN BREAST TENDERLOINS;FALSE;0;89;0;62;0;0.45;0;0;0;98;19.64;0;0;0
487453;GROUND BEEF CHUCK;FALSE;0;250;0;71;0;19.64;8.04;1.61;0;67;16.96;0;0;0
487455;LEAN GROUND BEEF;FALSE;0;152;0;58;0;7.14;2.68;2.41;0;62;20.54;0;0;0
488443;PRE, NEW YORK BEEF STRIP STEAK;FALSE;0;195;0;53;0;12.39;6.19;1.59;0;53;20.35;0;0;0
488444;PRE, GROUND BEEF;FALSE;0;204;0;62;0;13.27;7.08;2.39;0;75;19.47;0.44;0;0
491562;ORGANIC SHREDDED WHITE MEAT CHICKEN;FALSE;0;153;1.18;82;0;3.53;1.18;0.85;0;659;28.24;0;0;0
494277;MARKETS OF MEIJER, CHICKEN THIGHS;FALSE;0;223;0;89;0;17.86;5.36;0.32;0;71;15.18;0;0;0
494278;NATURE RAISED FARMS, THIN SLICED BONELESS SKINLESS CHICKEN BREASTS;FALSE;0;98;0;62;0;0.89;0;0;0;31;24.11;0;0;0
494303;SMOKED WHOLE TURKEY;FALSE;0;143;0;89;0;5.36;1.79;0.64;0;491;24.11;0;0;1.1
496351;WEIS, SKINNY TURKEY CUTLETS;FALSE;0;106;0;62;0;0.44;1.77;1.27;0;49;24.78;0;0;0
499428;PERDUE, FIT & EASY, CHICKEN BREASTS;FALSE;18;107;0;58;0;0.89;0;0.64;0;67;23.21;0;0;1.1
499430;HARVESTLAND, CHICKEN BREASTS;FALSE;18;107;0;58;0;0.89;0;0.64;0;67;23.21;0;0;1.1
501878;EXTRA LEAN TURKEY BREAST CUTLETS;FALSE;0;107;0;45;0;1.34;0.45;0.64;0;67;23.21;0;0;0
506031;UNCURED BISON HOTDOG;FALSE;24;176;4.71;71;1.2;9.41;2.94;4.24;0;294;15.29;0;235;4.2
506193;BONELESS BEEF CHUNK ROAST;FALSE;0;152;0.89;54;0;8.93;4.46;2.41;0;58;19.64;0;0;0
507604;SEASONED GROUND PORK;FALSE;18;205;1.79;62;0.9;14.29;4.46;1.29;0;420;17.86;0;89;0
507605;SEASONED GROUND PORK;FALSE;18;205;1.79;62;0.9;14.29;4.46;1.29;0;420;17.86;0;89;0
508381;ITALIAN SAUSAGE;FALSE;0;175;3.51;44;0;8.77;3.51;1.26;0;509;17.54;0;0;0
508969;SPAM, GARLIC;FALSE;0;321;1.79;71;0;28.57;10.71;0;0;768;12.5;0;0;0
508990;SPAM, PORK WITH HAM, TOCINO SEASONING;FALSE;0;304;12.5;71;0;23.21;8.04;0.64;0;750;12.5;0;0;0
509774;CHICKEN DRUMETTES;FALSE;18;188;0;112;0;13.39;4.02;0.64;0;71;16.07;0;89;0
510338;GOURMET CARAMEL GLAZED PERIGORD PORK PATE WITH TRUFFLES;FALSE;36;286;3.57;98;0;25;8.93;4.82;0;786;12.5;0;8929;4.3
510384;TURKEY SAUSAGE LINKS;FALSE;0;216;1.35;68;0;14.86;4.05;1.46;0;622;16.22;0;0;0
510385;ALL NATURAL TURKEY BURGERS;FALSE;18;179;0;67;0;9.82;3.12;1.29;0;143;20.54;0;0;0
511562;BEEF SIRLOIN;FALSE;36;134;0.89;58;0;4.46;1.79;1.61;0;571;21.43;0;0;0
513932;ORIGINAL SUMMER SAUSAGE;FALSE;0;357;1.79;80;0;30.36;12.5;1.93;0;1286;17.86;0;0;0
514313;THICK-CUT SMOKED BACON;FALSE;0;588;0;88;0;47.06;17.65;4.24;0;2941;41.18;0;0;0
514974;BLACK ANGUS BEEF FRANKS;FALSE;0;308;2.2;66;0;28.57;10.99;1.19;495;813;10.99;1.1;0;0
515050;LEAN GROUND BEEF;FALSE;0;152;0;62;0;7.14;3.12;2.41;0;67;20.54;0;0;0
515139;BEEF MEATLOAF & METABALL MIX;FALSE;35;186;10.62;35;0.9;9.73;3.54;12.74;0;646;15.04;0;177;4.2
515562;ORIGINAL BEEF PELLA BOLOGNA WITH VARIETY MEATS;FALSE;0;179;1.79;80;0;12.5;5.36;2.57;0;1446;16.07;0;0;0
516994;GRASS FED & FINISHED GROUND BEEF;FALSE;0;214;0;67;0;15.18;6.25;2.41;0;67;18.75;0.89;0;0
517422;PORK PATE;FALSE;0;321;1.79;54;0;32.14;12.5;3.21;0;625;7.14;0;4464;0
520542;CHICKEN LEG QUARTERS;FALSE;0;259;0;103;0;22.32;7.14;0.96;0;67;15.18;0;0;0
520546;GROUND BEEF;FALSE;18;304;0;76;0;26.79;9.82;1.61;0;67;15.18;0;0;0
520584;CHICKEN DRUMSTICKS;FALSE;0;134;0;103;0;6.25;1.79;0.32;0;76;18.75;0;0;0
522872;GROUND BEEF;FALSE;18;214;0;67;0;15.18;5.36;2.41;0;67;18.75;0;0;0
523067;100% GRASS-FED GROUND BEEF;FALSE;18;152;0;62;0;7.14;2.68;2.41;0;67;21.43;0;0;0
523227;GROUND TURKEY BREAST;FALSE;0;107;0;62;0;0.89;0;1.29;0;49;25;0;0;0
524368;FRESH GROUND BEEF;FALSE;9;177;0;65;0;9.73;3.54;2.23;0;66;20.35;0.88;0;0
524448;PORK SAUSAGE;FALSE;0;214;3.57;54;0;16.07;5.36;0;0;643;17.86;0;0;0
530484;GRILLED GARLIC & HERB CHICKEN SKEWERS;FALSE;20;150;3;60;0;4;0.6;0.72;0;630;23;0;0;1.2
531700;HOMESTYLE CHICKEN BITES;FALSE;16;234;15.62;43;0;12.5;3.12;0.56;0;992;14.06;0;0;0
534266;GROUND BEEF SIRLOIN;FALSE;0;179;0;67;0;9.82;4.02;2.41;0;67;19.64;0;0;0
534425;GROUND BEEF AND PORK BLEND PATTIES;FALSE;18;254;0;67;0;20.09;7.59;1.21;0;51;18.3;0;0;0
534704;GROUND TURKEY BREAST;FALSE;0;107;0;62;0;0.89;0;1.29;0;49;25;0;0;0
535682;SEASONED BEEF PATTIE MIX;FALSE;36;268;1.79;54;0;21.43;8.93;1.61;0;580;16.07;0;0;0
536319;BEEF PATTIES;FALSE;67;295;1.34;70;0;23.49;10.07;1.81;0;510;19.46;0;134;0
538388;THIGH FILLETS;FALSE;0;143;0;94;0;8.93;2.68;0.96;0;76;16.96;0;0;0
538830;COLEMAN PORK;FALSE;36;286;0;80;0;23.21;8.93;0.96;0;76;16.07;0;0;0
539036;O'DONNELL'S, CORNED BEEF BRISKET;FALSE;0;195;0;58;0;15.04;5.31;1.27;0;973;12.39;0;0;0
539041;SHADY BROOK FARMS, BONELESS TURKEY TENDERLOINS;FALSE;0;116;0;62;0;0.45;0;0;0;49;25;0;0;0
539593;OSCAR MAYER, THICK CUT BACON, HARDWOOD SMOKED;FALSE;0;500;0;83;0;41.67;12.5;0;0;1833;33.33;0;0;20
539595;SWIFT PREMIUM, PORK LOIN BACK RIBS;FALSE;36;179;0;45;0;12.5;6.25;0.96;0;393;17.86;0;0;0
540127;SPAM, SINGLE, CLASSIC;FALSE;0;294;2.35;71;0;25.88;9.41;0.85;0;1165;12.94;0;0;0
540343;TYSON, SPLIT CHICKEN BREAST WITH RIBS;FALSE;0;170;0;71;0;10.71;3.12;0;0;36;18.75;0;0;0
540344;TYSON, TRIMMED & READY, CHICKEN BREAST TENDERLOINS;FALSE;0;98;0;49;0;0.45;0;0;0;36;23.21;0;0;0
540345;TYSON, TRIMMED & READY SKINLESS CHICKEN THIGHS;FALSE;0;134;0;80;0;6.25;1.79;0.32;0;71;19.64;0;0;0
540415;KROGER, SMOKED PORK RIBLETS;FALSE;47;212;0;71;0;17.65;7.06;2.12;0;435;12.94;0;0;0
541657;PRE, BEEF TOP SIRLOIN STEAK;FALSE;0;133;0;53;0;5.31;2.65;2.39;0;58;21.24;0;0;0
541971;RED HOT LINKS;FALSE;143;250;5.36;116;0;19.64;4.46;1.29;0;875;12.5;0;357;2.1
543550;BEEF PATTIES;FALSE;67;275;1.34;70;0;22.15;8.72;1.81;0;597;18.12;0;67;0
544116;SHREDDED BEEF BRISKET;FALSE;0;127;0;36;0;3.64;1.82;0.65;0;455;23.64;0;0;0
544215;PORK TENDERLOIN WRAPPED IN APPLEWOOD BACON;FALSE;0;212;0.88;71;0;10.62;2.65;0.96;0;752;27.43;0;0;0
545843;JALAPENO & CHEDDAR BEEF PATTIES;FALSE;54;248;2.01;67;0.7;19.46;8.05;1.81;0;463;16.11;0;201;8.1
545911;BACON BLEU CHEESE BEEF PATTIES;FALSE;67;275;1.34;70;0;22.15;8.72;1.81;0;597;18.12;0;67;0
547382;TURKEYS RAISED WITH NO ANTIBIOTICS EVER TURKEY BREAST TENDERLOIN;FALSE;0;89;0.89;40;0;1.34;0.36;0.32;0;509;18.75;0;0;0
549051;BEEF MEATBALLS WITH BARBECUE SAUCE;FALSE;71;236;15.71;43;1.4;12.86;5;1.93;0;543;15;0;0;1.7
549075;GROUND TURKEY;FALSE;0;143;0;71;0;7.14;2.23;1.61;0;76;19.64;0;0;0
549737;HOT ITALIAN SAUSAGE;FALSE;0;268;0;71;0;24.11;8.04;1.61;0;562;10.71;0;0;0
549904;FULLY COOKED BEEF PATTIES FOR SALISBURY STEAK WITH MUSHROOM GRAVY;FALSE;43;236;6.43;43;1.4;16.43;6.43;1.93;0;450;14.29;0;71;4.3
550898;BACON CHEDDAR STUFFED PORK CHOPS;FALSE;43;171;1.43;64;0;8.57;3.57;0.77;0;514;20.71;0;71;0
551641;TURKEY PATTIES;FALSE;18;161;7.14;58;0.9;8.04;2.23;1.61;0;321;19.64;0;0;0
554021;GROUND TURKEY;FALSE;0;143;0;71;0;7.14;2.23;0.96;0;71;18.75;0;89;0
554453;GROUND BEEF;FALSE;0;152;0;58;0;7.14;2.68;2.41;0;62;20.54;0;0;0
554455;GROUND BEEF PATTIES;FALSE;13;213;0;67;0;15.33;6;1.8;0;67;18.67;0;0;0
555067;CENTER CUT CHOPS BONELESS PORK;FALSE;9;174;0;56;0;9.39;3.29;0.68;0;45;21.13;0;0;0
555751;BLACK FOREST COOKED HAM;FALSE;0;89;1.79;18;0;1.79;0;1.29;0;1393;16.07;0;0;10.7
557350;CHICKEN BREAST ROAST WITH WHITE WINE & HERBS COOKING SAUCE;FALSE;18;98;2.68;45;0;2.23;0.45;0.64;0;393;15.18;0;0;1.1
557377;MARKETS OF MEIJER, FRESH GROUND BEEF;FALSE;0;214;0;62;0;15.18;6.25;1.61;0;67;18.75;0;0;0
557557;SALT PORK BELLY;FALSE;0;607;0;80;0;62.5;23.21;0;0;2714;7.14;0;0;0
557682;YANGTZE, CHINESE STYLE CURED BARBBQUE PORK;FALSE;0;153;7.06;35;0;2.94;0;0.85;0;800;24.71;0;0;0
557756;BEEF CUBED STEAK;FALSE;0;196;0;71;0;11.61;4.46;1.61;0;58;20.54;0;0;0
557766;BONELESS BEEF SHOULDER CROSS-RIB ROAST;FALSE;0;241;0;62;0;16.96;7.14;1.61;0;62;19.64;0;0;0
557767;BEEF LONDON BROIL F/P;FALSE;0;170;0;40;0;8.04;3.12;1.61;0;58;22.32;0;0;0
557787;BNLS BEEF BOTTOM ROUND STEAK;FALSE;0;196;0;71;0;11.61;4.46;1.61;0;58;20.54;0;0;0
558175;WIENERS;FALSE;0;304;0;65;0;28.26;10.87;0.78;0;1174;13.04;0;0;0
560468;TACO SEASONED GROUND TURKEY, TACO SEASONED;FALSE;18;143;1.79;80;0.4;5.36;1.79;1.29;0;429;17.86;0;446;1.1
560496;PREMIUM CORNED BEEF;FALSE;0;232;1.79;80;0;14.29;7.14;3.21;0;875;25;0;0;0
566364;CHICKEN BREAST ROAST;FALSE;18;98;2.68;45;0;2.68;0.45;0.64;0;393;15.18;0;0;1.1
566365;CHICKEN BREAST ROAST WITH CACCIATORE COOKING SAUCE;FALSE;18;89;2.68;40;0.9;1.79;0;0.64;0;393;15.18;0;0;2.1
567039;ITALIAN SAUSAGE;FALSE;0;266;1.06;74;0;23.4;8.51;1.53;0;702;13.83;0;0;0
567053;ITALIAN SAUSAGE;FALSE;0;304;0.89;80;0;26.79;9.82;1.61;0;545;15.18;0;0;0
568382;GROUND TURKEY;FALSE;0;143;0;71;0;7.14;1.79;1.29;0;152;19.64;0;0;0
568672;PULLED PORK IN BBQ SAUCE;FALSE;14;193;19.29;46;0;6.43;2.14;0.77;0;650;12.86;0;0;0
569033;SMOKED PORK NECK BONES;FALSE;71;318;0;112;0;27.06;11.76;1.69;0;1788;18.82;0;0;0
571799;PUB STYLE COD BURGER;FALSE;18;204;13.27;31;0.9;11.5;1.77;0.32;0;460;12.39;0;0;0
573642;SMOKED POLISH SAUSAGE;FALSE;0;321;0;71;0;28.57;10.71;2.57;0;893;14.29;0;0;0
576800;FRESH GROUND BEEF;FALSE;18;214;0;67;0;15.18;6.25;1.61;0;67;18.75;0.89;0;0
576862;DUBRETON, ALL NATURAL PORK;FALSE;0;134;0;62;0;6.25;2.23;0.96;0;62;20.54;0;0;0
576911;ANGUS BEEF BURGERS;FALSE;13;253;0;70;0;20;8;1.8;0;67;17.33;1.33;0;0
576931;PASTURE RAISED GROUND BEEF;FALSE;0;214;0;67;0;15.18;6.25;2.41;0;67;18.75;0.89;0;0
576979;CHORIZO;FALSE;70;158;10.53;0;1.8;7.02;0.88;3.16;281;228;12.28;0;702;0
576980;KROGER, SMOKED TURKEY TAILS;FALSE;18;186;0;71;0;12.39;3.54;1.59;0;345;16.81;0;0;0
577009;BONELESS PORK COUNTRY STYLE RIBS;FALSE;18;133;0;62;0;3.98;1.33;0.64;0;62;23.01;0;0;0
577037;ANGUS BEEF SHOULDER ROAST;FALSE;0;212;0;53;0;14.16;7.08;0.32;0;53;17.7;0;88;0
577038;GRASS FED ORGANIC BEEF SIRLOIN STEAK;FALSE;0;106;0;49;0;2.65;0.88;3.19;0;44;21.24;0;0;0
577039;BONELESS ANGUS BEEF RIBEYE STEAK;FALSE;0;212;0.88;49;0;14.16;6.19;1.59;0;44;19.47;0;0;0
577040;ANGUS BEEF LONDON BROIL;FALSE;0;133;0.88;53;0;4.42;2.21;2.39;0;49;21.24;0;0;0
577041;GRASS FED ORGANIC BEEF BONELESS NY STRIP STEAK;FALSE;0;168;0;40;0;9.73;5.31;1.59;0;35;20.35;0;0;0
577042;BONELESS ANGUS BEEF NY STRIP STEAK;FALSE;0;212;0;49;0;15.04;7.08;1.59;0;44;20.35;0;88;0
577043;BONELESS RIBEYE STEAK;FALSE;0;168;0.88;53;0;8.85;4.42;1.59;0;40;20.35;0;0;0
577044;ANGUS BEEF FOR STEW;FALSE;0;115;0;49;0;3.1;1.33;2.39;0;44;21.24;0;0;0
577045;ANGUS BEEF TENDERLOIN STEAK;FALSE;18;142;0;62;0;6.19;2.21;2.39;0;44;22.12;0;0;0
577046;ANGUS BEEF SIRLOIN STEAK;FALSE;0;133;0;53;0;4.42;2.21;2.39;0;44;22.12;0;0;0
577047;TYSON, ALL NATURAL PREMIUM CORNISH HEN;FALSE;0;179;0;116;0;12.5;3.57;0.32;0;58;16.96;0;0;0
577056;BONELESS PORK CUSHION MEAT;FALSE;0;188;0;54;0;11.61;7.14;0.96;0;58;18.75;0;0;1.1
577057;BONELESS PORK TENDERLOIN;FALSE;0;107;0;67;0;2.23;0.89;0.96;0;49;21.43;0;0;0
577119;SIMPLE TRUTH NATURAL WHOLE CHICKEN;FALSE;18;214;0;89;0;15.18;4.02;1.29;0;71;18.75;0;670;2.1
577120;SIMPLE TRUTH ORGANIC, NATURAL CHICKEN BREAST;FALSE;0;98;0;71;0;0.89;0;0.32;0;67;22.32;0;0;0
577134;GROUND BEEF;FALSE;0;214;0;71;0;15.18;6.25;1.61;0;67;18.75;0;0;0
577182;GROUND BEEF;FALSE;0;179;0;67;0;9.82;4.02;2.41;0;67;19.64;0;0;0
577187;BEEF STEW MEAT;FALSE;18;195;0;75;0;12.39;4.42;1.59;0;53;20.35;0;0;0
577188;PREMIUM GROUND BISON;FALSE;0;168;0;44;0;9.73;3.54;1.59;0;53;20.35;0;0;0
577257;GRASS FED BEEF;FALSE;0;232;0;71;0;17.86;7.14;1.61;0;71;17.86;0;0;0
577266;TURKEY BREAST CUTLETS;FALSE;18;116;0;58;0;1.34;0;0.64;0;112;23.21;0;0;0
577281;GROUND BEEF PATTIES;FALSE;18;214;0;67;0;15.18;6.25;2.41;0;67;18.75;0;0;0
577282;GROUND BEEF 85% LEAN 15% FAT;FALSE;18;214;0;67;0;15.18;6.25;2.41;0;67;18.75;0;0;0
577295;THINLY SLICED SHAVED CHICKEN BREAST;FALSE;0;106;0;62;0;1.77;0.44;0.64;0;80;22.12;0;0;0
577296;THINLY SLICED SHAVED BEEF STEAK;FALSE;18;161;0;67;0;8.93;3.12;2.41;0;76;19.64;0;0;0
577347;GROUND WAGYU BEEF;FALSE;0;286;0;71;0;25;8.04;2.41;0;54;16.07;0.89;0;0
577351;CHICKEN LEG QUARTERS;FALSE;0;259;0;103;0;22.32;7.14;0.96;0;67;15.18;0;0;0
577382;AL-MARRA'AH, HALAL, YOUNG CHICKEN THIGHS;FALSE;0;239;0;106;0;19.47;6.19;0.96;0;111;15.04;0.44;88;0
577386;GIANT, CHICKEN THIGHS;FALSE;0;214;0;98;0;16.96;4.46;0.64;0;76;16.07;0;89;0
577399;PERDUE, CHICKEN DRUMSTICKS;FALSE;18;161;0;80;0;8.93;2.23;0.96;0;85;19.64;0;89;3.2
577402;PERDUE, FIT & EASY, BONELESS SKINLESS CHICKEN;FALSE;18;107;0;58;0;0.89;0;0.64;0;67;23.21;0;0;1.1
577458;GROUND PORK AND BEEF BLEND;FALSE;0;268;0;80;0;18.75;7.14;0.96;0;152;22.32;0;0;0
577465;TYSON, ALL NATURAL, CHICKEN LIVER;FALSE;0;93;0;398;0;3.81;1.27;9.15;0;68;16.1;0;12288;0
577469;LAURA'S, GROUND BEEF;FALSE;0;143;0;54;0;8.04;3.57;3.21;0;62;18.75;0;0;0
577470;MARKETS OF MEIJER, CHICKEN THIGHS;FALSE;0;223;0;89;0;17.86;5.36;0.32;0;71;15.18;0;0;0
577471;MARKETS OF MEIJER, CHICKEN DRUMSTICKS;FALSE;0;134;0;103;0;6.25;1.79;0.32;0;76;18.75;0;0;0
577472;MARKETS OF MEIJER, GROUND BISON;FALSE;0;185;0;64;0;11.79;5;2.41;0;57;18.48;0;0;0
577475;MARKETS OF MEIJER, LEAN GROUND BEEF;FALSE;0;179;0;67;0;9.82;4.02;2.41;0;67;19.64;0;0;0
577476;MARKETS OF MEIJER, BEEF SUET;FALSE;0;857;0;67;0;94.64;52.68;0;0;9;1.79;0;0;0
577477;CORNED BEEF BRISKET;FALSE;0;177;0;53;0;13.27;5.31;1.27;0;973;13.27;0;0;0
577478;MARKETS OF MEIJER, BEEF HEART;FALSE;0;116;0;125;0;4.02;1.34;4.02;0;98;17.86;0;0;2.1
577479;CERTIFIED ANGUS BEEF, USDA CHOICE CAB BEEF SKIRT STEAK;FALSE;0;161;0;58;0;8.04;3.12;2.41;0;67;21.43;0;0;0
577480;MARKETS OF MEIJER, BEEF OXTAILS;FALSE;0;152;0;62;0;8.04;3.12;1.61;0;134;17.86;0;0;0
577699;GROUND BEEF;FALSE;0;214;0;62;0;15.18;6.25;1.61;0;49;19.64;0;0;0
577762;GROUND BEEF BURGER WITH BRISKET;FALSE;12;265;0;76;0;20.59;8.24;1.59;0;68;17.65;0;0;0
577799;ALL NATURAL GROUND ELK;FALSE;0;170;0;67;0;8.93;3.57;2.41;0;80;21.43;0;0;0
577888;GROUND BEEF;FALSE;0;152;0;58;0;7.14;2.68;2.41;0;62;20.54;0;0;0
577895;BONELESS SKINLESS CHICKEN THIGH FILETS;FALSE;18;116;0;85;0;5.36;1.34;0.96;0;85;19.64;0;89;0
577900;GROUND BEEF;FALSE;0;214;0;71;0;15.18;6.25;8928.57;0;67;18.75;0;0;0
577901;GROUND BEEF;FALSE;0;259;0;71;0;20.54;8.04;8928.57;0;54;18.75;0;0;0
577947;HARVESTLAND, FRESH CHICKEN BREASTS;FALSE;18;107;0;58;0;0.89;0;0.64;0;67;23.21;0;0;1.1
577949;HARVESTLAND, CHICKEN THIGHS, CHICKEN;FALSE;18;214;0;85;0;15.18;4.46;0.96;0;76;16.96;0;179;2.1
577950;HARVESTLAND, FRESH ORGANIC CHICKEN;FALSE;0;116;0;62;0;2.68;0.45;0.32;0;62;21.43;0;0;0
577951;HARVESTLAND, FRESH CHICKEN BREASTS, BONELESS, SKINLESS;FALSE;18;107;0;58;0;0.89;0;0.64;0;67;23.21;0;0;1.1
577952;PERDUE, SPLIT CHICKEN BREASTS;FALSE;18;170;0;62;0;8.93;2.68;0.64;0;62;20.54;0;89;0
578032;TYSON, TRIMMED & READY, BONELESS SKINLESS CHICKEN BREASTS;FALSE;0;98;0;62;0;0.89;0;0;0;31;24.11;0;0;0
578039;PORK CHOPS;FALSE;18;125;0;69;0;3.57;1.12;0.64;0;58;21.88;0;0;0
578095;ROASTING CHICKEN;FALSE;18;214;0;85;0;15.18;4.46;1.29;0;67;16.96;0;893;2.1
578104;HOMESTYLE TURKEY MEATLOAF;FALSE;89;170;4.46;58;0.9;8.93;2.68;2.41;0;616;16.07;0;89;5.4
578105;CHICKEN WING SECTIONS;FALSE;18;170;0;98;0;11.61;3.12;0.32;0;268;15.18;0;0;0
578132;ORGANIC GROUND BEEF;FALSE;0;214;0;67;0;15.18;6.25;2.41;0;67;19.64;0;0;0
578133;WEIS, GROUND BEEF PATTY;FALSE;13;253;0;70;0;20;8;1.8;0;67;17.33;0;0;0
578147;GRASS FED BEEF CHUCK ROAST;FALSE;18;142;0;97;0;6.19;3.54;3.19;372;62;21.24;0;0;0
578155;GROUND ROUND;FALSE;0;125;0;54;0;4.02;1.79;2.41;0;76;21.43;0;0;0
578159;ALL NATURAL GROUND LAMB;FALSE;18;241;0;71;0;17.86;8.04;1.61;0;58;17.86;0;0;0
578172;GROUND BEEF;FALSE;0;152;0;58;0;7.14;2.68;2.41;0;62;20.54;0;0;0
578276;BONE-IN SKINLESS CHICKEN THIGHS;FALSE;18;116;0;85;0;4.02;0.89;0.96;0;89;19.64;0;89;0
578285;PORK SHOULDER BUTT ROAST;FALSE;0;188;0;54;0;11.61;7.14;0.96;0;58;18.75;0;0;1.1
578289;BISON STEW MEAT;FALSE;0;116;0;54;0;2.68;0.45;6.43;0;49;22.32;0;0;0
578307;GROUND PORK;FALSE;18;170;0;62;0;9.82;3.12;0.96;0;67;19.64;0;0;0
578319;GROUND TURKEY;FALSE;18;205;0;71;0;15.18;4.46;1.29;0;71;16.96;0;0;0
578323;HORMEL, NATURAL CHOICE, FRESH PORK, TENDERLOIN;FALSE;0;116;0;62;0;3.57;1.79;0.64;0;62;20.54;0;0;1.1
578336;BONELESS, SKINLESS CHICKEN THIGHS;FALSE;7;125;0;94;0;4.02;0.89;0.89;242;94;19.64;0;0;0
578337;BONELESS, SKINLESS CHICKEN BREAST FILLETS;FALSE;5;116;0;71;0;2.68;0.45;0;334;45;22.32;0;0;0
578483;GROUND BEEF;FALSE;0;241;0;67;0;17.86;8.93;1.61;0;58;19.64;0.89;0;3.2
578501;BIG PATTY CALIFORNIA CLASSIC BURGER;FALSE;13;215;0;68;0;15.23;5.96;2.15;0;66;18.54;0.99;0;0
578668;100% GRASS FED GROUND BEEF;FALSE;0;125;0;62;0;3.12;1.34;2.41;0;67;22.32;0;0;0
578699;GROUND STEAK BURGERS;FALSE;0;217;0;69;0;15.18;6.25;1.61;0;67;18.75;0;0;0
578724;GROUND BEEF;FALSE;0;214;0;67;0;15.18;6.25;2.41;0;67;18.75;0;0;0
578856;ANGUS GROUND CHUCK BURGERS;FALSE;24;253;0;71;0;20;7.65;2.12;0;65;17.06;1.18;0;0
578869;GRASS FED ORGANIC BEEF;FALSE;0;214;0;67;0;15.18;6.25;2.41;0;67;18.75;0;0;0
578895;GROUND TURKEY;FALSE;0;143;0;71;0;7.14;2.23;1.61;0;76;19.64;0;0;0
578918;GROUND BEEF;FALSE;0;214;0;67;0;15.18;6.25;2.41;0;67;18.75;0.89;0;0
578984;GROUND BEEF CHUCK;FALSE;18;250;0;71;0;19.64;8.04;1.61;0;67;16.96;1.34;0;0
578987;GROUND BEEF;FALSE;0;214;0;67;0;15.18;6.25;2.41;0;67;18.75;0.89;0;0
578989;PORK BELLY SKINLESS;FALSE;0;170;0;62;0;9.82;3.57;1.29;0;54;20.54;0;0;1.1
578994;BLACK ANGUS CHUCK BURGERS;FALSE;0;293;0;77;0;25.33;10;1.8;0;67;16.67;0.67;0;0
579028;TURKEY BREAST STRIPS;FALSE;54;107;0.89;58;0;1.34;0.36;0.96;0;321;19.64;0;0;0
579048;BONELESS PREMIUM PORK LOIN;FALSE;0;196;0;58;0;12.5;5.36;1.29;0;58;21.43;0;0;1.1
579110;TURKEY BREAST STRIPS;FALSE;54;107;0.89;58;0;1.34;0.36;0.96;0;321;19.64;0;0;0
579157;GROUND BEEF PATTIES;FALSE;0;248;0;71;0;19.47;7.08;1.59;0;66;19.47;0;0;0
579233;MEAT;FALSE;18;188;0;58;0;11.61;4.02;0.64;0;223;17.86;0;0;0
579234;MEAT;FALSE;18;188;0;58;0;11.61;4.02;0.64;0;223;17.86;0;0;0
579235;MEAT;FALSE;18;214;0;67;0;15.18;5.36;0.64;0;214;17.86;0;0;0
579236;MEAT;FALSE;18;188;0;58;0;11.61;4.02;0.64;0;223;17.86;0;0;0
579237;MEAT;FALSE;18;188;0;58;0;11.61;4.02;0.64;0;223;17.86;0;0;0
579239;MEAT;FALSE;18;188;0;58;0;11.61;4.02;0.64;0;223;17.86;0;0;0
579240;MEAT;FALSE;18;188;0;58;0;11.61;4.02;0.64;0;223;17.86;0;0;0
579241;MEAT;FALSE;18;188;0;58;0;11.61;4.02;0.64;0;223;17.86;0;0;0
579242;MEAT;FALSE;18;188;0;58;0;11.61;4.02;0.64;0;223;17.86;0;0;0
579243;MEAT;FALSE;18;188;0;58;0;11.61;4.02;0.64;0;223;17.86;0;0;0
579244;MEAT;FALSE;18;188;0;58;0;11.61;4.02;0.64;0;223;17.86;0;0;0
579280;FRESH GROUND BEEF ROUND;FALSE;18;212;0;66;0;15.04;6.19;2.39;0;66;18.58;0.88;0;0
579491;BONELESS PREMIUM PORK LEG;FALSE;0;170;0;94;0;9.82;3.57;0.64;0;67;20.54;0;0;0
579492;BONELESS PORK TENDERLOINS;FALSE;0;116;0;58;0;3.57;1.34;0.96;0;45;22.32;0;0;0
579498;CHICKEN PAWS;FALSE;89;205;0;85;0;14.29;4.02;0.96;0;67;19.64;0;89;0
579500;CHICKEN THIGHS;FALSE;0;223;0;89;0;17.86;5.36;0.32;0;71;15.18;0;0;0
579531;85/15 GROUND BEEF;FALSE;0;214;0;62;0;15.18;6.25;1.61;0;49;19.64;0;0;0
579600;BONELESS PORK SHOULDER BUTT;FALSE;0;188;0;71;0;12.5;4.46;0.96;0;58;18.75;0;0;16.1
579601;BONELESS PORK LOIN;FALSE;0;143;0.89;54;0;5.36;1.79;0.96;0;49;22.32;0;0;0
579602;AMERICAN WAGYU BEEF GOURMET HAMBURGER;FALSE;0;335;0;49;0.9;30.36;11.61;3.21;0;71;16.96;0;179;0
579623;GROUND CHICKEN BREAST;FALSE;0;116;0;58;0;2.68;0.45;0.64;0;67;23.21;0;0;1.1
579631;ALL NATURAL GROUND BEEF;FALSE;0;250;0;71;0;19.64;7.14;1.61;0;67;16.96;1.34;0;0
579721;PRE, BEEF CHUCK ROAST;FALSE;0;124;0;58;0;4.42;2.21;2.39;0;71;21.24;0;0;0
579722;PRE, BEEF FILLET MIGNON STEAK;FALSE;0;133;0;58;0;5.31;2.65;3.19;0;58;20.35;0;0;0
579723;PRE, BEEF RIBEYE STEAK;FALSE;0;168;0;49;0;10.62;5.31;3.19;0;53;18.58;0;0;0
579729;GROUND CHICKEN BREAST;FALSE;0;107;0;40;0;1.34;0;1.61;0;40;12.5;0;0;16.1
579733;CHICKEN BREAST TENDERS;FALSE;18;114;0;66;0;2.63;0.44;0.95;0;114;21.05;0;0;1.1
579737;LEAN GROUND BEEF;FALSE;0;152;0;62;0;7.14;3.12;2.41;0;67;20.54;0.89;0;0
579738;PREMIUM BEEF GROUND CHUCK;FALSE;18;250;0;71;0;19.64;8.04;1.61;0;67;16.96;1.34;0;0
579739;GROUND BEEF;FALSE;0;214;0;67;0;15.18;6.25;2.41;0;67;18.75;0;0;0
579769;ALL NATURAL GROUND BEEF;FALSE;0;250;0;71;0;19.64;7.14;1.61;0;67;16.96;1.34;0;0
579772;EXTRA LEAN BONELESS TURKEY BREAST TENDERLOINS;FALSE;0;107;0;45;0;1.34;0.45;0.64;0;67;23.21;0;0;0
579787;GROUND BEEF;FALSE;0;250;0;71;0;19.64;7.14;1.61;0;67;16.96;1.34;0;0
579808;FOSTER FARMS, GROUND TURKEY PATTIES;FALSE;0;143;0;58;0;7.14;2.23;1.61;0;71;19.64;0;0;0
580824;MILD PORK SAUSAGE;FALSE;0;500;0;80;0;48.21;16.07;0.64;0;893;16.07;0;0;0
581944;SMOKY BOURBON BBQ CHEDDAR;FALSE;101;275;4.03;70;0;20.81;8.72;1.81;0;450;16.78;1.01;201;0.8
583204;TOSCANO RECIPE GROUND ITALIAN SAUSAGE;FALSE;36;339;5.36;71;0;26.79;8.93;0.64;0;875;17.86;0;179;0
583864;STEAKHOUSE SEASONED TAVERN BEEF PATTIES;FALSE;13;255;2.01;64;0.2;18.79;7.38;1.81;0;403;18.79;0;0;0
584087;RED HOT LINKS;FALSE;143;250;5.36;116;0;19.64;4.46;1.29;0;875;12.5;0;357;2.1
584095;CHICKEN FRANKS;FALSE;0;214;8.93;54;0;14.29;4.46;0.64;0;946;10.71;0;0;2.1
584100;PORK LOIN ASSORTED CHOPS;FALSE;0;179;0.89;58;0;11.61;4.02;0.64;0;196;17.86;0;0;0
584369;SMOKED TROUT PATE;FALSE;0;907;1.9;0;0;16;0;0;0;0;15;0;0;0
584620;BERLINKI CLASSIC HOT DOGS;FALSE;0;260;0;30;0;22;6;0.72;0;980;14;0;0;0
584626;FIG SALAMI;TRUE;144;412;78;0;14;4.6;4.4;2.32;0;0;4;0;0;4
584630;SICILIAN CLASSIC ITALIAN STYLE MEATBALLS;FALSE;71;292;4.42;58;0.9;23.01;7.96;0.96;0;743;15.93;0;664;2.1
587528;PREMIUM PORK SAUSAGE;FALSE;0;333;0;88;0;26.32;8.77;1.58;0;781;21.05;0;175;0
588606;FIG SALAMI;TRUE;144;330;78;0;14;1.54;1.54;2.32;0;0;4;0;0;4
589061;PORK TENDERLOIN;FALSE;0;98;2.68;54;0;2.23;0.89;0;0;304;17.86;0;0;1.1
596806;BEER BRATWURST;FALSE;25;325;3.75;81;0;25;8.75;0.45;0;1100;22.5;0;0;0
598578;GROUND ITALIAN SAUSAGE;FALSE;36;339;5.36;62;0;26.79;8.93;0.64;0;875;17.86;0;179;0
600502;BABY BACK PORK RIBS, HICKORY SMOKED;FALSE;43;229;13.57;50;0.7;14.29;5;1.03;0;600;11.43;0;71;2.6
602070;PARMESAN GARLIC CHICKEN WINGS WITH SAUCE PACKET, MILD;FALSE;36;214;0.89;107;0;0;3.57;0.96;0;616;24.11;0;0;0
602182;CHILE VERDE PORK IN GREEN SAUCE, CHILE VERDE;FALSE;6;129;0.71;50;0.7;5.71;2.5;0.71;259;329;17.86;0;0;0
603942;MILD TOSCANO ITALIAN SAUSAGE, MILD TOSCANO;FALSE;33;317;5;67;0;25;8.33;1.2;0;833;18.33;0;167;0
604490;JALAPENO & CHEDDAR TURKEY SAUSAGE, JALAPENO & CHEDDAR;FALSE;134;170;2.68;62;0.9;8.93;3.57;1.61;0;598;17.86;0;179;8
619980;HICKORY SMOKE FLAVORED CANNED COOKED MEAT, HICKORY SMOKE;FALSE;0;321;1.79;71;0;28.57;10.71;0.64;0;1143;12.5;0;0;0
638234;COUNTRY STYLE BONELESS PORK RIBS, COUNTRY STYLE;FALSE;0;162;1.9;52;0;9.52;3.33;0.69;0;210;19.05;0;0;0
641398;HARDWOOD SMOKED OFF THE BONE PREMIUM HAM WITH NATURAL JUICES;FALSE;0;125;1.79;54;0;3.57;1.79;0.64;0;893;19.64;0;0;0
641404;BEEF SAUSAGE SNACK STICKS, BEEF;FALSE;0;280;4;60;0;24;10;1.44;0;1080;16;0;0;0
641492;APPLE BOURBON PORK TENDERLOIN, APPLE BOURBON;FALSE;0;116;3.57;45;0;3.57;1.34;0.64;0;473;17.86;0;0;0
644672;BEEF STEAK BURGER PATTIES;FALSE;0;213;0;63;0;15.33;6;1.8;0;60;19.33;0;0;0
644674;GROUND BEEF;FALSE;0;179;0;62;0;9.82;4.02;2.41;0;62;20.54;0;0;0
644886;NATURALLY HICKORY SMOKED PREMIUM BACON, HICKORY SMOKED;FALSE;0;471;0;118;0;35.29;14.71;2.12;0;1824;29.41;0;0;0
652180;85% LEAN GROUND TURKEY;FALSE;18;214;0;89;0;15.18;4.46;0.96;0;103;18.75;0;89;0
652250;GROUND WHITE TURKEY;FALSE;0;125;0;58;0;2.68;0.89;1.29;0;67;23.21;0;0;0
653780;GROUND BEEF CHUCK;FALSE;18;250;0;71;0;19.64;8.04;1.61;0;67;16.96;0;0;0
653782;GROUND BEEF;FALSE;0;312;0;71;0;26.79;11.61;1.61;0;54;16.96;0;0;0
653784;LEAN GROUND BEEF;FALSE;0;161;0;58;0;8.04;3.12;2.41;0;62;20.54;0;0;0
653796;HOT ITALIAN LEAN TURKEY SAUSAGE, HOT ITALIAN;FALSE;108;172;2.15;59;0;9.68;2.69;1.94;0;645;17.2;0;323;0
653806;85% LEAN GROUND TURKEY;FALSE;18;214;0;89;0;15.18;4.46;0.96;0;103;18.75;0;89;0
654536;GROUND BEEF PATTIES;FALSE;13;307;0;87;0;26.67;10.67;1.8;0;67;16.67;0;0;0
655798;85% LEAN GROUND TURKEY;FALSE;18;214;0;89;0;15.18;4.46;0.96;0;103;18.75;0;89;0
655890;GROUND WHITE TURKEY;FALSE;0;125;0;58;0;2.68;0.89;1.29;0;67;23.21;0;0;0
656584;85% LEAN GROUND TURKEY;FALSE;18;214;0;89;0;15.18;4.46;0.96;0;103;18.75;0;89;0
660188;93% LEAN GROUND TURKEY;FALSE;0;143;0;71;0;7.14;2.23;1.61;0;76;19.64;0;0;0
660478;GROUND BEEF;FALSE;18;214;0;67;0;15.18;6.25;2.41;0;67;18.75;0;0;0
663080;TURKEY BURGERS;FALSE;18;179;0.89;67;0;9.82;3.12;1.29;0;232;20.54;0;0;0
663186;93% LEAN GROUND TURKEY;FALSE;0;143;0;71;0;7.14;2.23;1.61;0;76;19.64;0;0;0
679872;FULLY COOKED PORK LOIN BABY BACK RIBS IN BBQ SAUCE;FALSE;14;236;15.71;61;0;12.86;4.29;1.03;0;607;15;0;71;0.9
683710;ANGUS BURGER BEEF PATTIES MADE WITH 100% ANGUS BEEF, ANGUS BURGER;FALSE;13;285;0;66;0;23.18;9.27;1.79;0;53;17.88;0.99;0;0
683806;BACON & CHEDDAR BEEF PATTIES MADE WITH 100% ANGUS BEEF, BACON & CHEDDAR;FALSE;99;305;1.32;73;0;24.5;11.26;1.19;0;437;18.54;0.99;132;0
690314;TOFU SPREAD;TRUE;62;186;6.19;0;0;15.48;6.19;0;0;372;3.1;0;0;0
700884;GREEK MOUSSAKA MEATLESS MEATBALLS, GREEK MOUSSAKA;TRUE;70;175;8.75;0;5;7.5;0.62;2.5;355;400;12.5;0;0;0
706528;DELI STYLE OIL BROWNED TURKEY BREAST;FALSE;0;89;1.79;36;0;1.79;0;0;0;857;16.07;0;0;0
706536;OVEN ROASTED TURKEY BREAST, OVEN ROASTED;FALSE;0;89;3.57;36;0;1.79;0;0;0;839;14.29;0;0;0
706614;OVEN ROASTED HONEY TURKEY BREAST, OVEN ROASTED HONEY;FALSE;0;107;3.57;45;0;0.89;0;0;0;679;21.43;0;0;0
706620;OVEN ROASTED SKINLESS TURKEY BREAST WITH BROTH;FALSE;0;89;1.79;36;0;0.89;0;0.64;0;804;17.86;0;0;0
706626;GROUND TURKEY;FALSE;54;196;0;85;0;15.18;3.57;1.29;0;85;16.96;0;89;1.1
707544;ITALIAN STYLE TURKEY MEATBALLS, ITALIAN STYLE TURKEY;FALSE;71;224;7.06;76;1.2;11.76;3.53;2.12;0;706;20;0;118;1.4
707546;ITALIAN STYLE TURKEY MEATBALLS, ITALIAN STYLE TURKEY;FALSE;71;224;7.06;76;1.2;11.76;3.53;2.12;0;706;20;0;118;1.4
707548;ITALIAN STYLE TURKEY MEATBALLS, ITALIAN STYLE;FALSE;71;224;7.06;76;1.2;11.76;3.53;2.12;0;706;20;0;118;1.4
708232;BLACK ANGUS UNSEASONED BEEF PATTIES, BLACK ANGUS;FALSE;5;272;0.66;86;0;23.84;10.6;2.65;145;63;12.58;1.32;0;0
709556;MEATLESS ITALIAN SAUSAGE;TRUE;118;165;8.24;0;1.2;8.24;1.18;1.69;271;659;15.29;0;0;0
711240;LIGHTLY SEASONED PORK BELLY, LIGHTLY SEASONED;FALSE;0;412;1.18;65;0;37.65;12.94;0.42;0;200;17.65;0;0;0
715014;ROTISSERIE TURKEY BREAST TENDERLOIN, ROTISSERIE;FALSE;71;107;1.79;31;0;3.57;0.18;0.96;0;464;18.75;0;89;1.1
715016;CRANBERRY & JALAPENO WITH WHITE CHEDDAR CHEESE, CRANBERRY & JALAPENO;FALSE;76;174;3.03;76;0.8;9.09;3.41;0.55;0;470;19.7;0;152;6.8
715018;HOMESTYLE TURKEY BREAST TENDERLOIN, HOMESTYLE;FALSE;71;107;0.89;31;0;3.57;0.18;0.96;0;402;18.75;0;0;0
715020;CRACKED PEPPER TURKEY BREAST TENDERLOIN, CRACKED PEPPER;FALSE;71;107;1.79;31;0.2;3.57;0.18;0.96;0;446;18.75;0;0;2.1
715022;BRATWURST LEAN TURKEY SAUSAGE, BRATWURST;FALSE;108;172;3.23;59;0;9.68;2.69;1.94;0;667;17.2;0;0;0
715026;85% LEAN GROUND TURKEY;FALSE;18;214;0;89;0;15.18;4.46;0.96;0;103;18.75;0;89;0
715028;HOMESTYLE TURKEY BREAST TENDERLOIN, HOMESTYLE;FALSE;71;107;0.89;31;0;3.57;0.18;0.96;0;402;18.75;0;0;0
715036;85% LEAN GROUND TURKEY;FALSE;18;214;0;89;0;15.18;4.46;0.96;0;103;18.75;0;89;0
715038;GROUND TURKEY BREAST;FALSE;0;107;0;62;0;0.89;0;1.29;0;49;25;0;0;0
715040;GROUND TURKEY;FALSE;0;143;0;71;0;7.14;2.23;1.61;0;76;19.64;0;0;0
715042;SPINACH & KALE TURKEY PATTIES, SPINACH & KALE;FALSE;61;152;3.03;76;0.8;6.82;1.89;1.09;0;364;18.18;0;1136;9.1
715046;SWEET ITALIAN LEAN TURKEY SAUSAGE, SWEET ITALIAN;FALSE;86;172;2.15;59;0;9.68;2.69;1.94;0;688;17.2;0;108;0
715048;MILD ITALIAN TURKEY SAUSAGE, MILD ITALIAN;FALSE;29;171;1.43;64;0;10;2.86;1.54;0;671;17.14;0;0;0
715050;93% LEAN GROUND TURKEY;FALSE;0;143;0;71;0;7.14;2.23;1.61;0;76;19.64;0;0;0
715052;85% LEAN GROUND TURKEY;FALSE;18;214;0;89;0;15.18;4.46;0.96;0;103;18.75;0;89;0
715058;CRACKED PEPPER TURKEY BREAST TENDERLOINS, CRACKED PEPPER;FALSE;71;107;1.79;31;0.2;3.57;0.18;0.96;0;446;18.75;0;0;2.1
715060;MILD ITALIAN TURKEY SAUSAGE, MILD ITALIAN;FALSE;29;171;1.43;64;0;10;2.86;1.54;0;671;17.14;0;0;0
715062;ORIGINAL BREAKFAST LEAN TURKEY SAUSAGE, ORIGINAL;FALSE;108;176;2.7;61;0;9.46;2.7;1.95;0;568;17.57;0;0;0
715064;CRACKED PEPPER TURKEY BREAST TENDERLOIN, CRACKED PEPPER;FALSE;71;107;1.79;31;0.2;3.57;0.18;0.96;0;446;18.75;0;0;2.1
715066;HOMESTYLE TURKEY BREAST TENDERLOINS, HOMESTYLE;FALSE;71;107;0.89;31;0;3.57;0.18;0.96;0;402;18.75;0;0;0
715068;ITALIAN STYLE SEASONED GROUND TURKEY, ITALIAN STYLE SEASONED;FALSE;18;143;0.89;71;0;6.25;2.23;1.61;0;536;19.64;0;0;0
715070;ITALIAN STYLE SEASONED GROUND TURKEY, ITALIAN STYLE;FALSE;18;143;0.89;71;0;6.25;2.23;1.61;0;536;19.64;0;0;0
715072;RAW BONELESS TURKEY ROAST BREAST MEAT WITH GRAVY PACKET, RAW BONELESS TURKEY ROAST;FALSE;0;107;0.89;54;0;2.23;0.45;0.96;0;384;20.54;0;0;0
715074;93% LEAN GROUND TURKEY;FALSE;0;143;0;71;0;7.14;2.23;1.61;0;76;19.64;0;0;0
715076;GROUND WHITE TURKEY;FALSE;0;125;0;58;0;2.68;0.89;1.29;0;67;23.21;0;0;0
715078;ORIGINAL BREAKFAST TURKEY SAUSAGE, ORIGINAL;FALSE;27;162;1.35;61;0;10.81;2.7;1.95;0;554;14.86;0;0;0
716518;CHORIZO IBERICO DRY CURED SAUSAGE FROM IBERIAN PIG;FALSE;0;357;0;107;0;28.57;10.71;2.57;0;1714;25;0;0;0
716898;FLAT CUT CORNED BEEF BRISKET;FALSE;0;205;0;58;0;13.39;5.36;1.29;0;982;13.39;0;0;0
718366;UNCURED BEEF HOT DOGS;FALSE;0;250;5.88;59;0;19.12;7.35;1.59;0;765;13.24;0;147;0
718426;ORGANIC TOFU PROTEIN FROM SOYBEANS;TRUE;47;59;3.53;0;1.2;3.53;0;1.27;165;12;5.88;0;0;0
718442;PREMIUM TOFU MEDIUM FIRM, MEDIUM;TRUE;118;71;2.35;0;1.2;3.53;0;1.69;165;12;7.06;0;0;0
718720;SOY TACO MEATLESS TACO FILLING;TRUE;73;145;12.73;0;5.5;5.45;0;2.62;0;764;12.73;0;0;2.2
718870;UNCUKED BACON, COB SMOKED;FALSE;0;467;0;100;0;40;16.67;0;0;1333;13.33;0;0;0
718912;TOFU CUTLET, SPICY GARLIC;TRUE;94;176;7.06;0;3.5;9.41;1.76;3.18;0;471;16.47;0;0;0
718964;TURKEY BURGERS;FALSE;18;150;0;80;0;8.85;2.65;1.27;0;97;17.7;0;0;0
719308;PREMIUM TOFU;TRUE;118;94;2.35;0;2.4;5.29;0.59;1.69;1029;12;9.41;0;0;0
721850;4 TURKEY PATTIES, LIGHTLY SEASONED;FALSE;0;152;0.89;89;0;8.04;2.23;0.64;0;402;18.75;0;0;0
722258;GROUND TURKEY;FALSE;0;143;0;71;0;7.14;2.23;1.61;0;76;19.64;0;0;0
722676;CITRUS & HERB 4 TURKEY BREAST CUTLETS;FALSE;68;110;2.05;48;0.2;3.08;0.68;0.74;0;390;18.49;0;0;0
722906;MEDIUM CHIPOTLE CHICKEN TACO FILLING WITH ROASTED TOMATOES, RED PEPPERS & TOMATO CHIPOTLE SAUCE, MEDIUM;FALSE;0;95;4.76;40;1.6;4.76;0.79;0;175;397;9.52;0;0;0
722908;MEDIUM GREEN CHILE CHICKEN TACO FILLING WITH POBLANOS, ONIONS AND CREAMY TOMATILLO SALSA, MEDIUM;FALSE;0;98;4.92;41;1.6;4.1;1.64;0;213;361;9.84;0;0;0
722910;MEDIUM SLOW-BRAISED PORK CHILE VERDE WITH ROASTED POBLANOS, ONIONS, JALAPENOS & TOMATILLO SALSA, MEDIUM;FALSE;0;125;3.12;31;1.6;7.81;2.34;0.78;250;297;9.38;0;0;0
723180;GOURMET SLICED HARDWOOD SMOKED DRY RUB BLACK FOREST BACON RECIPE, BLACK FOREST BACON;FALSE;143;429;14.29;214;0;28.57;10.71;2.57;0;2571;28.57;0;0;0
726906;POLLO ADOBADO CHICKEN THIGHS;FALSE;54;196;2.68;80;0.2;13.39;3.57;1.61;0;902;14.29;0;0;0
728304;PORK BABY BACK RIBS IN HONEY GARLIC BBQ SAUCE;FALSE;10;193;12.14;43;0.7;10.71;4.29;0.71;0;443;13.57;0;0;0
728462;MILD SEASONED CHICKEN FAJITA STRIPS WITH ROASTED POBLANOS, ONIONS & CLASSIC FAJITA SAUCE;FALSE;0;92;4.62;38;1.5;3.85;0.77;0.62;200;415;9.23;0;0;0
728472;OVEN ROASTED TURKEY BREAST;FALSE;0;89;0;45;0;0.09;0;0;0;696;19.64;0;0;0
730070;HOT ITALIAN SAUSAGE;FALSE;0;240;1.33;67;0;18.67;6.67;1.44;0;720;16;0;133;0.8
730874;LUNCHEON MEAT;FALSE;0;316;1.75;61;0;28.07;10.53;0.63;0;1105;12.28;0;0;0
731832;PREMIUM BEER PORK SAUSAGE;FALSE;0;175;1.75;61;0;12.28;3.51;0.63;0;842;17.54;0;175;0
732282;ORIGINAL BBQ SAUCE PORK BABY BACK RIBS;FALSE;11;186;9.29;43;0.2;10.71;4.29;0.71;0;443;13.57;0;0;0
732966;LEAN ITALIAN SEASONED GROUND TURKEY;FALSE;18;143;0;71;0;8.04;2.68;1.29;0;554;16.96;0;0;2.1
732978;OVEN ROASTED TURKEY BREAST;FALSE;0;89;3.57;36;0;1.79;0;0;0;946;14.29;0;0;0
732982;98% FAT FREE TENDER-BROWNED HOMESTYLE TURKEY BREAST;FALSE;0;89;1.79;36;0;1.79;0;0.64;0;804;17.86;0;0;0
736128;CHICKEN BREAST FOR FAJITAS, CHICKEN BREAST;FALSE;36;107;1.79;62;0.2;2.23;0.45;1.61;0;732;19.64;0;0;0
737742;TURKEY BURGERS, TURKEY;FALSE;36;127;1.34;69;0.9;4.46;1.34;0.64;0;173;20.54;0;179;1.1
737812;FULLY COOKED CAJUN STYLE TURKEY, CAJUN STYLE;FALSE;0;118;1.18;59;0;5.88;1.18;0.85;0;612;17.65;0;0;1.4
737982;PREMIUM SWEET HICKORY BBQ FULLY COOKED PORK BABY BACK RIBS IN HONEY FLAVORED HICKORY BBQ SAUCE, SWEET HICKORY BBQ;FALSE;14;229;22.14;46;0;10;3.21;0.57;143;550;14.29;0;0;0
738278;CHORIZO CLASICO BRAND OF SPECIALTY MEATS, CHORIZO CLASICO;FALSE;0;286;3.57;89;0;17.86;7.14;2.57;0;1429;25;0;1786;4.3
739826;SIMPLY SEASONED PLANT-BASED PROTEIN STARTERS, SIMPLY SEASONED;FALSE;168;214;7.14;0;1.8;16.07;10.71;1.79;334;536;12.5;0;0;0
739830;HOMESTYLE PLANT-BASED MEATBALLS, HOMESTYLE;FALSE;169;214;8.93;0;1.8;15.18;11.61;2.68;330;741;13.39;0;0;0
741262;CHOPHOUSE BEEF & PORK PATTIES, BEEF & PORK;FALSE;13;255;0;67;0;20.13;7.38;1.21;0;50;18.12;0;0;0
742264;100% BEEF BURGER PATTIES, BEEF;FALSE;18;265;0;71;0;23.01;8.85;2.39;0;62;14.16;0.88;0;0
742266;ORIGINAL 100% BLACK ANGUS BEEF BURGER, ORIGINAL;FALSE;0;265;0;70;0;23.18;9.27;1.79;0;60;13.91;0;0;0
742524;ORIGINAL BRATWURST, ORIGINAL;FALSE;25;321;3.7;80;0;24.69;8.64;0.89;0;840;20.99;0;0;0
745176;SWEET ITALIAN SAUSAGE, SWEET ITALIAN;FALSE;0;240;1.33;67;0;18.67;6.67;1.44;0;707;16;0;67;0.8
746318;HOT ITALIAN SAUSAGE, HOT;FALSE;0;240;1.33;67;0;18.67;6.67;1.44;0;720;16;0;133;0.8
753474;SLIM JIM Original Stick, 1.12 OZ;FALSE;125;500;15.62;94;3.1;40.62;14.06;2.25;469;1719;21.88;0;938;0
753534;SLIM JIM Nacho Giant Stick, 0.97 OZ;FALSE;143;464;17.86;107;3.6;35.71;12.5;2.57;429;1786;21.43;0;0;0
753600;BANQUET Original Fried Chicken Jumbo Pack, 42 OZ;FALSE;24;224;12.94;76;1.2;11.76;2.35;0.85;212;776;15.29;0;0;1.4
753610;LIBBYS Corned Beef With Onion, 12 OZ;FALSE;0;232;3.57;71;0;14.29;6.25;2.57;27;911;25;0;0;0
753612;LIBBYS Corned Beef With Chili, 12 OZ;FALSE;0;232;1.79;80;0;14.29;6.25;2.57;18;964;26.79;0;0;0
753744;PENROSE Pickled Sausage, 0.875 OZ;FALSE;80;240;4;80;0;18;6;1.44;100;2480;16;0;0;0
753808;BANQUET Light Maple Links;FALSE;67;200;3.33;58;0;15;4.17;1.2;233;867;15;0;0;0
753810;ODOMS TENNESSEE PRIDE Turkey Patties, 12 OZ;FALSE;0;169;1.54;77;0;10.77;3.08;1.11;292;508;18.46;0;0;0
753812;ODOMS TENNESSEE PRIDE Mild Sausage Roll, 16 OZ;FALSE;0;321;0;71;0;28.57;10.71;1.29;0;804;16.07;0;0;0
753814;ODOMS TENNESSEE PRIDE Medium Sausage Roll;FALSE;0;321;0;71;0;28.57;10.71;1.29;0;839;14.29;0;0;0
753816;ODOMS TENNESSEE PRIDE Hot Sausage Roll, 16 OZ;FALSE;0;321;0;71;0;28.57;10.71;1.29;0;786;14.29;0;0;0
753820;ODOMS TENNESSEE PRIDE Mild Sausage Patties, 24 OZ;FALSE;0;370;1.85;74;0;33.33;11.11;1.33;278;759;18.52;0;0;0
753822;ODOMS TENNESSEE PRIDE Hot Sausage Patties, 40 OZ;FALSE;0;370;1.85;74;0;33.33;11.11;1.33;278;759;18.52;0;0;0
753828;Odom's Tennessee Pride Turkey Sausage Links, 12 Count, 9 OZ;FALSE;0;175;1.59;79;0;11.11;3.17;1.14;381;508;17.46;0;0;0
753832;ODOMS TENNESSEE PRIDE Sausage Patties, 8 OZ;FALSE;0;368;3.51;70;0;33.33;12.28;2.53;219;754;15.79;0;0;0
753834;ODOMS TENNESSEE PRIDE Sausage Links, 9 OZ;FALSE;0;595;7.14;95;0;57.14;19.05;0.86;286;1048;19.05;0;0;0
753836;HEBREW NATIONAL Reduced Fat Franks, 11 OZ;FALSE;0;222;4.44;56;0;17.78;6.67;1.6;400;1111;11.11;0;0;0
753864;ODOMS TENNESSEE PRIDE Mild Roll Sausage;FALSE;0;357;0;89;0;30.36;10.71;2.57;0;786;16.07;0;0;0
753866;ODOMS TENNESSEE PRIDE Hot Roll Sausage;FALSE;0;357;0;89;0;30.36;10.71;2.57;0;786;16.07;0;0;0
753898;SLIM JIM Maple Bacon Jerky;FALSE;0;464;14.29;125;0;25;8.93;0;464;2429;39.29;0;0;0
753900;SLIM JIM Smoked Bacon Jerky;FALSE;0;429;3.57;107;0;28.57;10.71;0;464;1964;35.71;0;0;0
753910;Odom's Tennessee Pride Sausage Links, 12 Count, 0.625 LB;FALSE;0;320;0;100;0;26;9;1.44;270;660;22;0;0;0
753918;ODOMS TENNESSEE PRIDE Mild Patties, 12 OZ;FALSE;0;371;1.61;73;0;32.26;11.29;1.74;274;758;19.35;0;0;0
753988;LIBBYS Seasoned Beef Crumbles, 6 OZ;FALSE;0;161;1.79;62;0;8.04;3.57;1.45;0;304;21.43;0;0;0
753996;Corned Beef Hash - #10 Can, 108 OZ;FALSE;0;148;10.25;27;0.8;7.38;3.28;0.74;217;488;9.43;0.41;0;0
754002;LIBBYS Spicy Seasoned Beef Crumbles, 6 OZ;FALSE;0;179;3.57;62;0;7.14;3.57;1.93;0;500;25;0;0;0
754004;LIBBYS Corn Beef, 7 OZ;FALSE;0;214;1.79;89;0;12.5;6.25;3.21;0;982;26.79;0;0;0
754026;ODOMS TENNESSEE PRIDE Fresh Patties, 12 OZ;FALSE;0;333;1.96;108;0;27.45;8.82;1.41;314;706;21.57;0;0;0
754044;ODOMS TENNESSEE PRIDE Mild Roll Sausage;FALSE;0;357;0;89;0;30.36;10.71;2.57;0;786;16.07;0;0;0
754052;Odom's Tennessee Pride Original Sausage Patties, 6 Count, 8 OZ;FALSE;0;333;1.96;108;0;27.45;8.82;1.41;314;706;21.57;0;0;0
754054;ODOMS TENNESSEE PRIDE Fresh Patties, 0.75 LB;FALSE;0;333;1.96;108;0;27.45;8.82;1.41;314;706;21.57;0;0;0
754082;Odom's Tennessee Pride Mild Sausage Patties, 30 Count, 40 OZ;FALSE;0;370;1.85;74;0;33.33;11.11;1.33;278;759;18.52;0;0;0
754090;ODOMS TENNESSEE PRIDE Sausage Gravy;FALSE;0;123;7.02;9;0;8.77;2.63;0;44;491;1.75;0;0;0
754094;ROSARITA Ground Beef, 6 OZ;FALSE;0;161;1.79;62;0;8.04;3.57;1.29;0;304;21.43;0;0;0
754096;ODOMS TENNESSEE PRIDE Sausage Links, 9 OZ;FALSE;0;405;4.76;60;0;38.1;11.9;0;190;690;11.9;0;0;0
754098;Odom's Tennessee Pride Turkey Sausage Patties, 8 Ounce, 8 OZ;FALSE;0;179;1.79;80;0;10.71;3.57;1.29;375;518;17.86;0;0;0
754106;ODOMS TENNESSEE PRIDE Turkey Patties, 24 OZ;FALSE;0;172;1.72;78;0;10.34;3.45;1.24;293;517;17.24;0;0;2.1
754146;HEBREW NATIONAL Franks In A Blanket, 18.4 OZ;FALSE;49;354;13.41;30;1.2;28.05;10.98;1.76;134;841;10.98;1.22;122;0
754148;HEBREW NATIONAL Bagel Dogs for Club, 15.2 OZ;FALSE;0;308;28.21;32;1.3;16.67;6.41;2.31;147;962;11.54;0;0;0
754208;SLIM JIM Original Bites, 4 OZ;FALSE;0;393;7.14;71;3.6;32.14;12.5;1.29;357;1714;17.86;0;0;0
754228;ODOMS TENNESSEE PRIDE Chicken And Buttermilk Biscuit Snack Size, 29.34 OZ;FALSE;43;293;31.52;16;2.2;14.13;4.89;1.57;207;837;10.87;0;0;0
754230;MARIE CALLENDERS Country Fried Pork Chop And Gravy, 15 OZ;FALSE;14;113;13.41;15;1.6;4.71;1.65;0.25;176;315;4;0;94;14.1
754232;MARIE CALLENDERS Country Fried Chicken And Gravy, 16 OZ;FALSE;13;123;14.54;17;1.5;5.29;1.98;0.32;192;330;4.19;0;88;0
754296;ODOMS TENNESSEE PRIDE Sausage Patties, 8 OZ;FALSE;0;333;1.96;108;0;27.45;8.82;1.41;314;706;21.57;0;0;0
754318;LIBBYS Hawaiian Corned Beef;FALSE;0;214;1.79;89;0;12.5;6.25;2.57;0;982;26.79;0;0;0
754348;ODOMS TENNESSEE PRIDE Sausage Balls;FALSE;208;361;13.89;62;1.4;27.78;11.11;1.5;188;1250;15.28;0;139;0
754448;MARIE CALLENDERS Breakfast Bacon Egg And Cheese Pot Pie, 7 OZ;FALSE;51;258;22.73;53;2;16.16;7.07;1.36;96;253;5.56;0;51;1.2
754466;MARIE CALLENDERS Country Pork Riblet Dinner, 14.4 OZ;FALSE;20;137;15.44;13;2.7;5.39;1.72;0.66;304;277;6.86;0;123;0.9
754468;MARIE CALLENDERS Orange Chicken, 13 OZ;FALSE;27;122;18.97;8;1.4;2.98;0.54;0.39;149;257;4.61;0;339;6.5
754472;MARIE CALLENDERS Chicken Tenders with Mac And Cheese Dinner, 12.3 OZ;FALSE;57;169;18.34;17;1.4;7.16;2.29;0.77;201;398;7.74;0;143;0
754490;MARIE CALLENDERS Sesame Chicken Dinner, 13 OZ;FALSE;22;136;18.7;7;1.9;4.61;0.81;0.73;146;187;4.61;0;1355;0
754494;MARIE CALLENDERS Mongolian Style Dinner, 13 OZ;FALSE;27;103;15.45;9;1.4;2.17;0.54;0.73;228;317;5.42;0;203;0
754560;SLIM JIM Cheesesteak Seasoned, 0.97 OZ;FALSE;143;500;14.29;89;3.6;39.29;14.29;2.57;464;1714;21.43;0;1071;0
754562;SLIM JIM Buffalo Style Wing Seasoned, 0.97 OZ;FALSE;143;500;14.29;89;3.6;39.29;14.29;2.57;464;1714;21.43;0;1071;0
754586;PENROSE Firecracker Pickled Sausage, 1.7 OZ;FALSE;83;250;2.08;73;2.1;18.75;6.25;1.5;94;2458;16.67;0;0;0
754598;PENROSE Big Mama Pickled Sausage, 2.4 OZ;FALSE;88;235;4.41;74;2.9;17.65;5.15;2.12;132;2206;16.18;0;147;0
754620;BANQUET Refrigerated Brown N Serve Original Sausage Links, 16 OZ;FALSE;89;333;6.67;78;0;28.89;8.89;1.6;211;800;13.33;0;0;0
754624;BANQUET Refrigerated Maple Brown N Serve, 16 OZ;FALSE;133;311;6.67;78;2.2;26.67;7.78;1.6;200;800;13.33;0;0;0
754626;BANQUET Refrigerated Brown N Serve Turkey Sausage Links, 16 OZ;FALSE;89;200;4.44;78;0;13.33;3.33;1.6;256;911;15.56;0;0;0
754636;Odom's Tennessee Pride Sausage Gravy, 16 Ounce, 16 OZ;FALSE;0;105;5.26;9;1.8;7.89;1.75;0;0;456;3.51;0;0;0
754704;BANQUET Brown N Serve Original Patty, 6.4 OZ;FALSE;89;333;2.22;56;0;28.89;10;0.8;0;778;13.33;0;0;0
754706;BANQUET Boneless Fried Chicken Mega Meal, 12 OZ;FALSE;29;179;13.82;29;1.2;9.12;2.06;0.53;271;426;10;0;662;0.7
754710;BANQUET Backyard BBQ Mega Meal, 14.25 OZ;FALSE;50;141;14.11;28;1.7;6.44;2.23;1.11;230;433;6.93;0;248;0.9
754748;BANQUET Boneless Honey BBQ Wings, 25.2 OZ;FALSE;0;203;12.66;32;1.3;11.39;1.9;0.91;190;544;12.66;0;0;0
754750;BANQUET Boneless Buffalo Wings, 25.2 OZ;FALSE;0;215;15.19;32;1.3;10.13;1.9;0.91;203;696;13.92;0;380;0
754754;BANQUET Whole Grain Chicken Breast Strips, 24 OZ;FALSE;0;212;15.29;47;2.4;10.59;2.35;1.27;224;588;15.29;0;0;0
754772;BANQUET Brown N Serve Hot N Spicy Sausage Links, 6.4 OZ;FALSE;111;315;5.56;56;0;27.78;8.33;1.33;222;759;12.96;0;0;0
754778;BANQUET Turkey Sausage Links;FALSE;100;183;3.33;67;0;13.33;3.33;1.8;0;700;15;0;0;0
754782;BANQUET Original Links Biggie Bag, 27 OZ;FALSE;107;321;1.79;54;0;30.36;8.93;1.29;188;786;12.5;0;0;0
754786;BANQUET Brown N Serve Original Patty, 24.9 OZ;FALSE;89;333;2.22;56;0;28.89;10;1.6;222;778;13.33;0;0;0
754792;BANQUET Brown N Serve Links, 24.9 OZ;FALSE;74;333;3.7;56;1.9;29.63;9.26;1.33;222;759;12.96;0;0;0
754798;BANQUET Brown N Serve Original Sausage Patties, 4 OZ;FALSE;88;333;1.75;56;0;28.07;9.65;1.58;0;772;13.16;0;0;0
754804;BANQUET Brown N Serve Original Links, 4 OZ;FALSE;87;337;4.35;65;0;29.35;8.7;1.57;0;761;13.04;0;0;0
754808;BANQUET Brown N Serve Original Patties, 32 OZ;FALSE;89;333;2.22;56;0;28.89;10;1.6;222;778;13.33;0;0;0
754810;BANQUET Original Chicken Nuggets, 48 OZ;FALSE;0;239;19.57;38;2.2;11.96;2.72;1.17;163;587;13.04;0;109;0
754816;BANQUET Breast Chicken Nugget, 48 OZ;FALSE;0;228;15.22;43;1.1;11.96;2.72;0.39;196;489;14.13;0;0;0
754818;BANQUET Original Crispy Fried Chicken Dinner, 56 OZ;FALSE;24;224;12.94;76;1.2;11.76;2.35;0.85;212;776;15.29;0;0;1.4
754820;BANQUET Brown N Serve Original Link, 32 OZ;FALSE;74;333;3.7;56;1.9;29.63;9.26;1.33;222;759;12.96;0;0;0
754828;BANQUET Original Fried Chicken, 29 OZ;FALSE;0;224;12.94;76;1.2;11.76;2.35;0.85;200;776;15.29;0;0;0
754832;BANQUET Southern Fried Chicken, 29 OZ;FALSE;47;235;12.94;76;1.2;14.12;2.94;0.85;200;788;15.29;0;0;0
754870;SLIM JIM Cali Taco Seasoned, 0.97 OZ;FALSE;71;500;14.29;89;3.6;39.29;14.29;2.57;536;1643;21.43;0;0;0
754886;SLIM JIM Original Stick, 1.12 OZ;FALSE;125;469;18.75;109;3.1;34.38;12.5;2.25;469;1656;18.75;0;0;0
754890;SLIM JIM Mild Stick, 1.12 OZ;FALSE;125;469;18.75;109;3.1;34.38;12.5;2.25;469;1594;18.75;0;0;0
754902;SLIM JIM Meat Stick Original Flavor Twin Pack, 1.94 OZ;FALSE;109;491;16.36;91;1.8;40;14.55;2.62;473;1709;20;0.91;909;0
754904;SLIM JIM Original Stick Twin Holiday, 1.94 OZ;FALSE;109;491;16.36;91;1.8;40;14.55;2.62;473;1709;20;0.91;909;0
754914;Hebrew National 97% Fat Free Beef Franks, 11 Ounce, 11 OZ;FALSE;0;100;4.44;33;0;2.22;0;1.6;311;1089;13.33;0;0;0
754924;SLIM JIM Mild Giant Stick, 0.97 OZ;FALSE;143;500;14.29;89;3.6;39.29;14.29;2.57;464;1714;21.43;0;1071;0
754930;SLIM JIM Pepperoni Giant Stick, 0.97 OZ;FALSE;143;500;14.29;89;3.6;39.29;14.29;2.57;464;1714;21.43;0;1071;0
754934;SLIM JIM Salsa Stick, 1.94 OZ;FALSE;182;491;14.55;91;3.6;40;14.55;2.62;418;1218;20;0.91;364;0
754938;HEBREW NATIONAL Beef Franks, 36 OZ;FALSE;0;306;4.08;51;0;26.53;10.2;1.47;163;918;12.24;1.02;0;0
754940;SLIM JIM Chili Stick, 1.94 OZ;FALSE;182;491;14.55;91;3.6;40;14.55;2.62;418;1218;20;0.91;364;0
754948;HEBREW NATIONAL Beef Franks, 12 OZ;FALSE;0;306;4.08;51;0;26.53;10.2;1.47;163;918;12.24;1.02;0;0
754958;SLIM JIM Giant Stick Jalapeno, 0.97 OZ;FALSE;143;500;14.29;89;3.6;39.29;14.29;2.57;464;1714;21.43;0;1071;0
754960;HEBREW NATIONAL Family Pack Franks, 34.1 OZ;FALSE;0;292;4.17;52;0;27.08;10.42;1.5;167;917;10.42;1.04;0;0
754966;SLIM JIM Giant Stick Habanero, 0.97 OZ;FALSE;143;500;14.29;89;3.6;39.29;14.29;2.57;464;1714;21.43;0;1071;0
754968;HEBREW NATIONAL Kosher Beef Franks, 5 LB;FALSE;0;298;3.51;53;0;26.32;10.53;1.26;167;912;10.53;0.88;0;0
754972;Slim Jim Monster Original Meat Stick, 1.94 Oz.;FALSE;109;473;18.18;109;3.6;34.55;12.73;2.62;545;1636;20;0.91;182;0
754988;SLIM JIM Gable Top Pepperoni, 3.92 OZ;FALSE;0;500;12.5;62;0;37.5;12.5;0;438;1688;25;0;0;0
754996;HEBREW NATIONAL Lean Beef Bologna, 6 OZ;FALSE;0;158;3.51;35;0;8.77;3.51;1.89;421;930;15.79;0;0;0
755012;Hebrew National Beef Franks in a Blanket, 18.4 Ounce, 32 Count;FALSE;24;378;15.85;30;1.2;30.49;12.2;1.76;0;720;9.76;0.61;0;0
755016;HEBREW NATIONAL Bagel Dogs, 7.6 OZ;FALSE;0;308;28.21;32;1.3;16.67;6.41;2.31;147;962;11.54;0;0;0
755156;Banquet Popcorn Chicken, 24 Ounce, 24 OZ;FALSE;0;271;30.59;18;2.4;11.76;1.76;0.85;294;541;10.59;0;0;0
755164;BANQUET Chicken Nuggets, 15 OZ;FALSE;0;239;19.57;38;2.2;11.96;2.72;1.17;163;587;13.04;0;109;0
755196;BANQUET Chicken Patties, 14.4 OZ;FALSE;0;235;19.12;37;2.9;11.76;2.94;1.06;162;588;13.24;0;0;0
755314;MARIE CALLENDERS Chicken Teriyaki Dinner, 13 OZ;FALSE;27;95;14.91;11;1.4;1.22;0.27;0.39;198;195;6.23;0;542;6.5
755316;MARIE CALLENDERS Chicken And Dumplings, 13.5 OZ;FALSE;16;104;12.53;23;1.8;3.13;1.17;0.38;188;292;6.53;0;392;0.9
755366;SLIM JIM Teriyaki Steak, 3.15 OZ;FALSE;0;321;17.86;71;0;14.29;3.57;2.57;393;2393;32.14;0;0;0
755380;SLIM JIM Carne Asada Steak, 3.15 OZ;FALSE;0;321;14.29;89;0;14.29;5.36;3.86;571;1607;32.14;0;0;0
755388;SLIM JIM Mesquite Smoke Steak, 1.45 OZ;FALSE;0;317;14.63;98;0;14.63;4.88;2.63;598;1537;31.71;0;0;0
755408;SLIM JIM Pepperoni Bites, 4 OZ;FALSE;0;321;10.71;71;3.6;21.43;7.14;2.57;375;1500;21.43;0;714;0
755414;SLIM JIM Original Bites, 4 OZ;FALSE;0;321;7.14;71;0;21.43;7.14;5.14;339;1607;21.43;0;0;0
755486;BANQUET Popcorn Chicken, 12 OZ;FALSE;0;271;30.59;18;2.4;11.76;1.76;0.85;294;541;10.59;0;0;0
755492;BANQUET Original Chicken, 22 OZ;FALSE;0;247;12.94;100;1.2;15.29;2.94;0.85;200;824;15.29;0;0;1.4
755502;SLIM JIM Pitmaster BBQ Steak, 3.15 OZ;FALSE;0;357;25;71;0;14.29;3.57;2.57;375;2357;32.14;0;714;0
755544;BANQUET Buffalo Chicken Quesadilla, 26 OZ;FALSE;128;244;35.9;6;2.6;6.41;1.28;2.31;141;769;8.97;0;0;0
755574;BANQUET Hot And Spicy Wings, 22 OZ;FALSE;24;271;16.47;53;1.2;17.65;3.53;0.85;141;847;11.76;0;118;0
755578;BANQUET Original Fried Chicken, 26 OZ;FALSE;0;235;10.59;71;1.2;12.94;2.94;0.85;288;447;20;0.59;0;0
755586;BANQUET Hot And Spicy Fried Chicken, 28 OZ;FALSE;0;271;9.41;76;1.2;17.65;4.12;0.85;288;812;20;1.18;0;0
755590;BANQUET Chicken Nuggets, 26.5 OZ;FALSE;47;247;20;24;2.4;14.12;2.35;1.27;294;494;11.76;0;0;0
755596;Banquet Chicken Patties, 24 Ounce, 24 OZ;FALSE;0;235;19.12;37;2.9;11.76;2.94;1.06;162;588;13.24;0;0;0
755598;BANQUET Chicken Breast Nuggets, 24 OZ;FALSE;24;247;21.18;24;2.4;12.94;2.35;0.85;318;412;11.76;0;0;0
755602;BANQUET Chicken Breast Patties, 24 OZ;FALSE;0;221;14.71;44;1.5;11.76;2.21;0.53;191;485;14.71;0;0;0
755608;BANQUET Chicken Breast Tenders, 24 OZ;FALSE;0;224;15.29;41;1.2;11.76;2.35;0.42;188;494;14.12;0;0;0
755610;BANQUET Fun Chicken Nuggets, 24 OZ;FALSE;24;259;21.18;24;2.4;14.12;2.94;1.27;306;412;10.59;0;0;0
755660;SLIM JIM Gable Top Nacho, 3.92 OZ;FALSE;0;500;12.5;62;12.5;37.5;12.5;0;438;1688;25;0;0;0
755674;SLIM JIM Dare Jalapeno Stick, 4.2 OZ;FALSE;125;500;9.38;94;3.1;40.62;14.06;2.25;438;1719;21.88;0;938;0
755678;SLIM JIM Pepperoni Sticks, 4.2 OZ;FALSE;0;500;12.5;62;0;37.5;12.5;0;438;1688;25;0;0;0
755684;SLIM JIM Original Stick, 4.2 OZ;FALSE;0;500;12.5;62;0;37.5;12.5;0;438;1688;25;0;0;0
755686;SLIM JIM Mild Stick, 4.2 OZ;FALSE;125;500;15.62;94;3.1;40.62;14.06;2.25;438;1719;21.88;0;938;0
755690;SLIM JIM Nacho Stick, 4.2 OZ;FALSE;0;500;12.5;62;12.5;37.5;12.5;0;438;1688;25;0;0;0
755694;SLIM JIM Mild Stick, 7.48 OZ;FALSE;0;500;12.5;62;0;37.5;12.5;0;438;1688;25;0;0;0
755698;SLIM JIM Beef Stick, 5.25 OZ;FALSE;0;377;4.72;71;0;33.02;14.15;3.4;330;1934;28.3;0;472;0
755714;SLIM JIM Pepperoni And Cheese, 3 OZ;FALSE;353;353;4.71;112;1.2;27.06;14.12;1.27;224;1400;22.35;0.59;588;0
755716;SLIM JIM Mild Beef And Cheese, 3 OZ;FALSE;294;353;3.53;76;0;28.24;17.65;1.69;341;1635;23.53;0.59;2941;0
755720;SLIM JIM Teriyaki Beef Stick, 2 OZ;FALSE;0;263;17.54;88;1.8;6.14;2.63;3.16;561;2035;35.09;0;0;0
755730;SLIM JIM Teriyaki Jerky, 2.9 OZ;FALSE;0;286;10.71;107;0;5.36;1.79;6.43;750;1500;46.43;0;0;0
755738;SLIM JIM Crackin Pepper Stick, 0.97 OZ;FALSE;143;464;17.86;107;3.6;35.71;12.5;2.57;500;1250;21.43;0;0;0
755742;SLIM JIM Barbeque Stick, 0.97 OZ;FALSE;143;500;14.29;89;3.6;39.29;14.29;2.57;464;1536;21.43;0;1071;0
755746;SLIM JIM Sweet And Hot Stick, 0.97 OZ;FALSE;143;500;14.29;89;3.6;39.29;14.29;2.57;464;1536;21.43;0;1071;0
755840;LIBBYS Vienna Sausage Zesty BBQ Sauce, 4.6 OZ;FALSE;62;169;4.62;54;0.8;13.08;3.85;0.83;123;646;7.69;0;0;0
755862;SLIM JIM Giant Stick Chili Pepper, 0.97 OZ;FALSE;143;500;14.29;89;3.6;39.29;14.29;2.57;500;1714;21.43;0;1071;0
755866;BANQUET Chicken Nuggets, 12 OZ;FALSE;0;228;15.22;43;1.1;11.96;2.72;0.39;196;489;14.13;0;0;0
755910;MARIE CALLENDERS Chicken Parmesan, 24.6 OZ;FALSE;23;138;11.49;20;2.9;6.9;1.44;0.83;391;569;8.05;0;172;2.1
755914;MARIE CALLENDERS Country Chicken, 25 OZ;FALSE;11;198;14.12;17;0.6;12.43;4.52;0.41;277;458;7.34;0;282;0.7
755948;LIBBYS Beef With Gravy, 12 OZ;FALSE;0;92;1.97;39;0;2.3;0.99;0.95;0;493;16.45;0;0;0
756116;LIBBYS Hawaiian Vienna Sausage, 4.6 OZ;FALSE;46;146;1.54;73;0;12.31;3.85;0.83;77;631;6.92;0;0;0
756376;BANQUET Buffalo Tenders, 24 OZ;FALSE;0;224;15.29;35;2.4;10.59;2.35;1.27;188;435;14.12;0;0;0
756402;BANQUET Chicken Breast Strips Made With 100% Natural Chicken, 24 oz., 24 OZ;FALSE;0;224;15.29;41;1.2;11.76;2.35;0.42;188;494;14.12;0;0;0
756424;BANQUET Chicken Breast Tenders, 12.6 OZ;FALSE;0;224;15.29;41;1.2;11.76;2.35;0.42;188;494;14.12;0;0;0
756428;LIBBYS Chicken Vienna Sausage, 8.5 OZ;FALSE;136;237;1.69;102;0;20.34;5.93;1.83;68;763;11.86;0;0;0
756500;MARIE CALLENDERS Breakfast Ham Cheese Pot Pie, 7 OZ;FALSE;40;237;23.23;10;1.5;13.64;6.06;0.91;86;328;5.05;0;202;1.2
756512;BANQUET Breast Patties, 12 OZ;FALSE;0;221;14.71;44;1.5;11.76;2.21;0.53;191;485;14.71;0;0;0
756562;BANQUET Maple Patty;FALSE;80;300;4;60;0;26;9;1.44;0;740;14;0;0;4.8
756586;Salisbury Steak w/Mushroom Sauce - 12 per tray, 63 OZ;FALSE;14;68;6.08;14;1.4;0.34;0;1.22;257;297;9.46;0;0;0
756592;SLIM JIM Original Sticks, 7.84 OZ;FALSE;125;500;15.62;94;3.1;40.62;14.06;2.25;438;1719;21.88;0;938;0
756632;ODOMS TENNESSEE PRIDE Sausage Gravy, 8 OZ;FALSE;0;105;5.26;9;1.8;7.89;1.75;0;70;456;3.51;0;0;0
756636;Odom's Tennessee Pride Homestyle Sausage Balls, 16 Ounce, 16 OZ;FALSE;139;361;13.89;62;1.4;27.78;11.11;1.5;181;1250;15.28;0;0;0
756642;ODOMS TENNESSEE PRIDE Buttermilk Chicken Sandwich, 29.34 OZ;FALSE;65;293;31.52;16;2.2;14.13;4.89;1.96;217;837;10.87;0;0;0
756672;BANQUET Classic Chicken Nuggets With Mac And Cheese, 7.4 OZ;FALSE;48;225;27.75;19;2.4;9.57;1.91;1.72;239;340;7.18;0;1435;1.7
756826;BERTOLLI Chicken Parmigianino, 37.5 OZ;FALSE;85;141;11.3;23;2.3;6.21;1.98;0.61;237;571;9.6;0;226;2.7
757540;SLIM JIM Original Smoked Snack Sticks, 0.97 OZ;FALSE;71;500;14.29;89;3.6;39.29;14.29;2.57;429;1714;21.43;0;0;0
775912;PREMIUM OVEN ROASTED TURKEY BREAST;FALSE;0;107;0;45;0;1.79;0;0;0;750;23.21;0;0;0
796437;CUERITOS PORK SKIN IN BRINE;FALSE;0;107;0;18;0;5.36;2.68;0;0;1071;14.29;0;0;0
808738;SWANSON MEAT BUFFALO CHICKEN;FALSE;0;89;5.36;45;0;1.79;0;0;170;571;14.29;0;893;0
808740;SWANSON MEAT GRILLED CHICKEN;FALSE;0;89;1.79;62;0;1.79;0;0.64;188;554;17.86;0;0;0
810426;Honeysuckle White Fully Cooked Hickory Smoked Young Turkey;FALSE;0;155;4.76;54;0;8.33;2.38;0;0;1155;16.67;0;0;0
818216;WITH CHEESE, CHEESE;FALSE;0;304;1.79;71;0;26.79;10.71;0;0;1286;14.29;0;0;0
841642;ORIGINAL UNCURED BACON, ORIGINAL;FALSE;0;500;0;125;0;40;12.5;0;0;1900;30;0;0;0
896460;ZESTY ITALIAN MEATLESS MEATBALLS, ZESTY ITALIAN;TRUE;84;156;5.56;0;5.6;7.78;1.11;2.22;350;367;15.56;0;0;0
938150;ORGANIC TENDER JACK IN BRINE;FALSE;21;84;20;0;1.3;0.56;0.17;200;0;745;1.51;0;0;0
938164;ORGANIC YOUNG JACKFRUIT CURRY, YOUNG JACKFRUIT;FALSE;0;106;10.79;0;3;5.9;5.07;0;0;390;2.4;0;0;0
948914;HICKORY SMOKED THICK CUT SLICED BACON COATED WITH PEPPER, HICKORY SMOKED COATED WITH PEPPER;FALSE;0;0;0;227;0;45.45;18.18;0;0;2545;27.27;0;0;0
948916;HICKORY SMOKED THICK CUT SLICED BACON, HICKORY SMOKED;FALSE;0;0;0;227;0;45.45;18.18;0;0;2545;36.36;0;0;0
958277;SUNRISE, TOFU, EXTRA FIRM;TRUE;118;153;2.35;0;0;9.41;1.76;2.12;0;18;15.29;0;0;0
965887;TURKEY WING PORTIONS;FALSE;0;161;0.89;71;0;8.93;2.23;0.62;0;188;20.54;0;0;0
969861;LEMON GARLIC PORK LOIN FILET, LEMON GARLIC;FALSE;0;116;1.79;40;0;4.46;1.79;0.32;0;491;17.86;0;0;0
969963;ORIGINAL PORK TENDERLOIN, ORIGINAL;FALSE;0;107;0;0;0;3.57;1.34;0.32;0;241;17.86;0;0;0
969999;ORIGINAL PORK LOIN FILET, ORIGINAL;FALSE;0;116;0;40;0;4.46;1.79;0.32;0;455;18.75;0;0;0
970023;ROAST FLAVOR PORK ROAST, ROAST;FALSE;0;143;0.89;49;0;8.04;2.68;0.32;0;420;16.07;0;0;0
970083;ONION GARLIC PORK ROAST, ONION GARLIC;FALSE;0;152;0.89;54;0;8.93;3.57;0.64;0;420;16.07;0;0;0
975119;CORNED BEEF;FALSE;0;232;1.79;98;0;14.29;7.14;0;0;875;25;0;0;0
988355;CHICKEN BREAST SKEWERS TERIYAKI;FALSE;18;115;3.54;53;0;1.33;0;0.64;0;469;21.24;0;0;1.1
1009119;CHILORIO, SHREDDED, SEASONED PORK MEAT;FALSE;0;333;0;53;0;29.82;6.14;0.63;0;684;14.04;0.88;0;2.1
1022913;ITALIAN HOT SAUSAGE, HOT;FALSE;25;325;5;81;0;23.75;8.75;0.9;0;1088;21.25;0;625;0
1022915;ITALIAN MILD SAUSAGE, MILD;FALSE;25;325;3.75;81;0;25;8.75;0.9;0;1100;21.25;0;125;0
1023683;BONELESS, BREADED CHICKEN BREAST PATTIES WITH RIB MEAT, CHICKEN;FALSE;18;176;16.47;53;0;4.71;0.59;1.18;266;518;17.65;0;0;0
1024627;HICKORY SMOKED UNCURED BACON, SEA SALT;FALSE;0;545;9.09;182;0;40.91;13.64;3.27;0;2273;27.27;0;0;0
1026775;HOT ITALIAN SAUSAGE;FALSE;25;321;3.7;80;0;24.69;8.64;0.89;0;778;20.99;0;123;0
1028821;GROUND TURKEY BREAST;FALSE;0;107;0;49;0;1.34;0.45;0.32;0;62;23.21;0;0;0
1029641;TENDER BROWNED TURKEY BREAST, TENDER BROWNED;FALSE;0;89;1.79;36;0;1.79;0;0.64;0;804;17.86;0;0;0
1029783;SWEET ITALIAN VEAL SAUSAGE, SWEET ITALIAN;FALSE;0;161;1.11;56;1.1;12.22;4.44;0;0;383;14.44;0;0;0
1030923;UNCURED BACON BOURBON MOLASSES FLAVOR, BOUBON MOLASSES;FALSE;0;500;15;150;0;35;12.5;1.8;0;2800;25;0;0;0
1032377;GOLDEN FISHLESS FILETS;TRUE;42;198;12.5;0;2.1;12.5;1.04;1.67;271;375;8.33;0;0;0
1035691;HOT & SPICY CHICKEN VIENNA SAUSAGES IN CHICKEN BROTH, HOT & SPICY, CHICKEN;FALSE;133;200;1.67;92;0;16.67;5;1.8;0;1017;11.67;0;333;0
1039037;ORIGINAL PORK SAUSAGE, ORIGINAL;FALSE;36;327;1.82;91;0;25.45;9.09;0.65;0;836;21.82;0;0;0
1040041;TURKEY BURGERS;FALSE;18;179;0;89;0;13.39;3.57;1.29;0;143;14.29;0;89;1.1
1040043;MILD TURKEY BREAKFAST SAUSAGE, MILD TURKEY;FALSE;71;196;0;107;0;12.5;3.57;3.21;0;786;23.21;0;0;2.1
1040045;BARBECUE SEASONED PORK ROAST, BARBECUE;FALSE;0;196;1.79;58;0;14.29;5.36;0.64;0;312;16.07;0;0;0
1041635;HOT LINKS SAUSAGE, CHICKEN AND PORK;FALSE;80;240;8;80;0;18.67;6;1.92;0;840;10.67;0;0;0
1041929;ORIGINAL BACON NATURALLY HARDWOOD SMOKED, ORIGINAL BACON;FALSE;0;615;0;77;0;53.85;19.23;2.77;0;1769;23.08;0;0;0
1042845;RICE PROTEIN & CHIA NUGGETS ROLLED INTO A LIGHT GLUTEN FREE CRUMB, RICE PROTEIN & CHIA;TRUE;0;367;20;0;8.8;24;3.67;0;0;1138;13.5;0;0;0
1043199;UNCURED BEEF FRANKS;FALSE;38;283;1.89;57;0;24.53;11.32;1.36;0;849;11.32;0;189;0
1044195;CORNED BEEF FLAT CUT BRISKET, CORNED BEEF;FALSE;1;179;0;58;0;13.39;5.36;0.89;0;982;13.39;0;0;0
1044205;EYE ROUND CUT CORNED BEEF;FALSE;9;143;0;58;0;7.14;3.12;1.79;279;982;17.86;0;0;0
1045027;FULLY COOKED BEEF FAJITAS, BEEF;FALSE;24;143;4.76;60;0;3.57;1.19;2.14;0;476;20.24;0;0;0
1046613;MILD COUNTRY STYLE PORK SAUSAGE, MILD;FALSE;0;321;0;54;0;26.79;10.71;1.29;0;625;19.64;0;0;0
1048043;ORIGINAL PORK SAUSAGE LINKS, ORIGINAL;FALSE;0;289;0;56;0;22.22;8.89;1.6;0;644;15.56;0;0;0
1048175;BROWN SUGAR SLICED HAM, BROWN SUGAR;FALSE;0;179;8.93;54;0;8.04;2.68;0.64;0;1054;16.07;0;0;0
1048617;APPLEWOOD SMOKED UNCURED BACON, APPLEWOOD SMOKED;FALSE;7;467;0;100;0;46.67;16.67;0;240;1067;13.33;0;0;0
1048859;WILD RICE CHEDDAR BRATS, WILD RICE CHEDDAR;FALSE;75;248;3.54;66;0;19.47;8.85;0.88;210;938;15.93;0.44;0;0
1049191;SMOKED THICK CUT UNCURED BACON, SMOKED;FALSE;143;500;0;107;0;35.71;17.86;0;0;1786;42.86;0;0;0
1056949;TERIYAKI PORK TENDERLOIN, TERIYAKI;FALSE;0;116;3.57;45;0;3.57;1.34;0.64;0;357;17.86;0;0;0
1060005;CORNED BEEF POINT CUT BRISKET, CORNED BEEF;FALSE;0;196;0;54;0;15.18;6.25;1.29;0;982;13.39;0;0;0
1060135;CORNED BEEF FLAT CUT BRISKET, CORNED BEEF;FALSE;0;232;0;67;0;15.18;5.36;1.29;0;982;15.18;0;0;0
1063197;UNCURED TURKEY BACON, UNCURED TURKEY;FALSE;0;161;0;71;0;8.93;1.79;1.29;0;714;21.43;0;0;0
1063515;PREMIUM CHUNK CHICKEN BREAST WITH RIB MEAT IN WATER;FALSE;0;89;1.79;54;0;0;0;0;0;482;17.86;0;0;0
1063533;PREMIUM CHUNK CHICKEN BREAST IN WATER, CHICKEN BREAST;FALSE;0;107;0;54;0;1.79;0;0;0;518;21.43;0;0;0
1063601;MAPLE BREAKFAST SAUSAGE, MAPLE BREAKFAST;FALSE;36;327;1.82;91;0;25.45;9.09;0.65;0;836;21.82;0;0;0
1063609;ORIGINAL BREAKFAST SAUSAGE PATTIES, ORIGINAL;FALSE;31;297;1.56;86;0;23.44;7.81;0.56;0;859;20.31;0;0;0
1063713;CILANTRO LIME CHICKEN, CILANTRO LIME;FALSE;14;129;2.86;50;0;5;0.71;0.71;418;321;16.43;0;0;0
1063725;MILD THAI-STYLE COCONUT CHICKEN, MILD THAI-STYLE COCONUT;FALSE;14;136;3.57;50;0;5.71;3.57;0.71;409;300;16.43;0;0;0
1063895;CLASSIC BRATWURST MADE WITH 100% GRASS-FED BEEF, CLASSIC;FALSE;28;254;1.41;63;0;21.13;7.04;2.03;0;676;12.68;0;0;29.6
1065193;FRESH YOUNG TURKEY;FALSE;11;134;0;71;0;5.36;1.34;0.89;218;170;21.43;0;0;0
1065199;FRESH YOUNG TURKEY;FALSE;11;134;0;71;0;5.36;1.34;0.89;218;170;21.43;0;0;0
1065869;POINT CUT CORNED BEEF BRISKET;FALSE;1;196;0;54;0;15.18;6.25;0.89;213;982;13.39;0;0;0
1066899;GROUND BISON;FALSE;0;170;0;45;0;9.82;3.57;1.61;0;54;20.54;0;0;0
1066967;ORIGINAL BRATWURST, ORIGINAL;FALSE;25;312;2.5;62;0;26.25;8.75;0.45;0;750;15;0;0;0
1067043;ARTICHOKE STUFFED CHICKEN BONELESS SKINLESS CHICKEN BREAST WITH RIB MEAT HAND STUFFED WITH ARTICHOKE, SPINACH & PARMESAN CHEESE, ARTICHOKE STUFFED CHICKEN;FALSE;107;150;5;61;0.7;5.71;2.86;0.77;0;350;20;0;714;1.7
1067121;BACON CHEDDAR BLACK ANGUS BEEF PATTIES, BACON CHEDDAR;FALSE;132;305;0.66;76;0;26.49;10.6;1.99;244;305;17.88;1.66;0;0
1067461;HC SLAB BCN DERIND 2PC;FALSE;0;467;0;67;0;33.33;13.33;0;0;3000;40;0;0;0
1076721;SMOKED THICK CUT LOWER SODIUM HAM STEAK, SMOKED;FALSE;0;107;3.57;45;0;2.68;0.89;0.64;0;643;16.07;0;0;8.6
1079263;NATURAL AMERICAN STYLE KOBE BEEF BURGERS, NATURAL AMERICAN STYLE;FALSE;21;254;0;70;0;19.72;7.75;1.9;268;67;16.9;1.06;0;0
1085631;BACON, ORIGINAL;FALSE;0;500;0;111;0;38.89;13.89;0;0;2222;33.33;0;0;0
1090431;APPLEWOOD SMOKED THICK SLICED BACON, APPLEWOOD SMOKED;FALSE;15;462;7.69;77;0;34.62;11.54;0;338;1769;46.15;0;0;0
1090541;APPLEWOOD SMOKE FLAVOR TURKEY BREAST TENDERLOINS, APPLEWOOD SMOKE;FALSE;0;89;3.57;36;0;0.45;0.45;0.32;0;366;18.75;0;0;1.1
1093525;HONEY CURED THICK CUT BACON PREMIUM MEATS, HONEY CURED;FALSE;0;571;0;71;0;42.86;17.86;0;0;2214;35.71;0;0;0
1096391;JACKFRUIT IN SYRUP;FALSE;0;63;20.77;0;0.9;0;0;0;0;0;0;0;0;0
